time,date,job_title,company,location,keywords_detected,source,url
16:43.8,10/7/2025,Supervisory Healthcare Engineer (Deputy),Veterans Health Administration,"San Juan, Puerto Rico","doe,energy,epa,utility",usajobs,https://www.usajobs.gov:443/job/847639300
41:12.6,10/7/2025,Special Investigative Services Technician (SIS Technician),"Justice, Bureau of Prisons/Federal Prison System","Seatac, Washington",epa,usajobs,https://www.usajobs.gov:443/job/847631000
08:51.3,10/7/2025,Medical Records Technician (Health Information Technician),Veterans Health Administration,"Bay Pines, Florida","compliance,regulatory",usajobs,https://www.usajobs.gov:443/job/847624800
57:23.3,10/7/2025,Supervisory Diagnostic Radiologic Technologist - Computed Tomography,Veterans Health Administration,"Cape Coral, Florida",epa,usajobs,https://www.usajobs.gov:443/job/847622800
53:39.5,10/7/2025,Supervisory Diagnostic Radiologic Technologist - Magnetic Resonance Imaging,Veterans Health Administration,"Cape Coral, Florida",epa,usajobs,https://www.usajobs.gov:443/job/847621900
53:26.2,10/7/2025,Mechanical Engineer,U.S. Army Corps of Engineers,"Redstone Arsenal, Alabama","energy,renewable",usajobs,https://www.usajobs.gov:443/job/847621600
51:12.8,10/7/2025,Supervisor DLA Energy Americas West Region,Defense Logistics Agency,"Seal Beach, California",energy,usajobs,https://www.usajobs.gov:443/job/847621300
40:10.5,10/7/2025,GENERAL MANAGER (EPICENTER),"Commander, Navy Installations","Great Lakes, Illinois",epa,usajobs,https://www.usajobs.gov:443/job/847619100
35:04.3,10/7/2025,Facility Program Manager - Sterile Compounding Program Manager (Pharmacy Service),Veterans Health Administration,"Iowa City, Iowa",compliance,usajobs,https://www.usajobs.gov:443/job/847616800
57:33.2,10/7/2025,Heavy Mobile Equipment Repairer,National Cemetery Administration,"Leavenworth, Kansas",epa,usajobs,https://www.usajobs.gov:443/job/847611800
30:04.6,10/7/2025,MEDICAL RECORDS TECHNICIAN (CO,Veterans Health Administration,"Asheville, North Carolina",doe,usajobs,https://www.usajobs.gov:443/job/847607400
23:13.8,10/7/2025,Laborer,Veterans Health Administration,"Temple, Texas",epa,usajobs,https://www.usajobs.gov:443/job/847606600
00:00.0,10/7/2025,Diagnostic Radiologic Technologist (Computed Tomography),Veterans Health Administration,"Mather AFB, California",doe,usajobs,https://www.usajobs.gov:443/job/847558600
00:00.0,10/7/2025,Senior Program Analyst,Department of Energy - Agency Wide,"Washington, District of Columbia","energy,epa",usajobs,https://www.usajobs.gov:443/job/847558200
00:00.0,10/7/2025,Healthcare Engineer,Veterans Health Administration,"Baltimore, Maryland, Perry Point, Maryland",epa,usajobs,https://www.usajobs.gov:443/job/847564700
00:00.0,10/7/2025,Contract Compliance Specialist,Federal Law Enforcement Training Centers,"Glynco, Georgia","compliance,epa",usajobs,https://www.usajobs.gov:443/job/847571300
00:00.0,10/7/2025,Diagnostic Radiologic Technologist,Veterans Health Administration,"Mather AFB, California",doe,usajobs,https://www.usajobs.gov:443/job/847558100
00:00.0,10/7/2025,Clinical Laboratory Scientist (Laboratory Information Manager),Veterans Health Administration,"Hot Springs, South Dakota","compliance,doe,regulatory",usajobs,https://www.usajobs.gov:443/job/847589100
37:53.2,10/6/2025,Human Resources Specialist,Department of Energy - Agency Wide,"Golden, Colorado, Washington, District of Columbia, Salt Lake City, Utah, Seattle, Washington, Phoenix, Arizona, Los Angeles, California, San Francisco, California, Denver, Colorado, Washington, District of Columbia, Miami, Florida, Atlanta, Georgia, Chicago, Illinois, Indianapolis, Indiana, New Orleans, Louisiana, Boston, Massachusetts, Minneapolis, Minnesota, Kansas City, Missouri, Albuquerque, New Mexico, New York, New York, Oklahoma City, Oklahoma, Portland, Oregon, Austin, Texas, Albuquerque, New Mexico, Cincinnati, Ohio, Oak Ridge, Tennessee","compliance,energy,epa",usajobs,https://www.usajobs.gov:443/job/847481700
04:20.3,10/6/2025,Electronics Engineer,Bonneville Power Administration,"Idaho Falls, Idaho, Gold Creek, Montana, Kalispell, Montana, Goshen, Oregon, Keizer, Oregon, Malin, Oregon, Redmond, Oregon, The Dalles, Oregon, Umatilla, Oregon, Clarkston, Washington, East Wenatchee, Washington, Ellensburg, Washington, Grand Coulee, Washington, Kent, Washington, Longview, Washington, Olympia, Washington, Pasco, Washington, Richland, Washington, Snohomish, Washington, Spokane, Washington, Vancouver, Washington",transmission,usajobs,https://www.usajobs.gov:443/job/847593900
38:17.1,10/6/2025,Supervisory Clinical Laboratory Scientist - Specimen Collection/Phlebotomy and Processing,Veterans Health Administration,"Orlando, Florida",epa,usajobs,https://www.usajobs.gov:443/job/847577300
49:00.5,10/6/2025,2nd Assistant Engineer Pipeline Dredge Class I,U.S. Army Corps of Engineers,"Saint Louis, Missouri",epa,usajobs,https://www.usajobs.gov:443/job/847568200
07:11.7,10/6/2025,Utility Systems Operator,Veterans Health Administration,"West Haven, Connecticut",utility,usajobs,https://www.usajobs.gov:443/job/847559500
30:41.7,10/6/2025,Emergency Management Specialist (Recovery),Federal Emergency Management Agency,"Atlanta, Georgia",compliance,usajobs,https://www.usajobs.gov:443/job/847556000
24:41.1,10/6/2025,Special Investigative Services Technician (SIS Technician),"Justice, Bureau of Prisons/Federal Prison System","Fort Dix, New Jersey",epa,usajobs,https://www.usajobs.gov:443/job/847526900
01:49.1,10/6/2025,Motor Vehicle Operator,Veterans Health Administration,"Minneapolis, Minnesota",utility,usajobs,https://www.usajobs.gov:443/job/847522700
35:45.3,10/6/2025,Railroad Maintenance Vehicle Operator,U.S. Army Joint Munitions Command,"McAlester, Oklahoma",epa,usajobs,https://www.usajobs.gov:443/job/847519600
13:56.1,10/6/2025,Lead Contract Specialist,United States Fleet Forces Command,"Naval Base, Norfolk, Virginia","compliance,epa",usajobs,https://www.usajobs.gov:443/job/846659500
06:02.9,10/6/2025,Clinical Pharmacy Specialist - Acute Care,Veterans Health Administration,"Gainesville, Florida",doe,usajobs,https://www.usajobs.gov:443/job/847515500
01:36.8,10/6/2025,Supervisory Healthcare Engineer (Maintenance and Operations),Veterans Health Administration,"Bronx, New York","energy,epa,utility",usajobs,https://www.usajobs.gov:443/job/847514900
25:10.2,10/6/2025,Maintenance and Operations General Foreman,"Treasury, Departmental Offices","Washington, District of Columbia",epa,usajobs,https://www.usajobs.gov:443/job/847511400
54:06.5,10/6/2025,Air Conditioning Equipment Mechanic,Veterans Health Administration,"Hampton, Virginia",epa,usajobs,https://www.usajobs.gov:443/job/846855800
32:07.1,10/6/2025,Diagnostic Radiologic Technologist- Ultrasound,Veterans Health Administration,"Hampton, Virginia",doe,usajobs,https://www.usajobs.gov:443/job/847508300
28:03.6,10/6/2025,Law Enforcement Specialist (General Training Instructor),Federal Law Enforcement Training Centers,"Artesia, New Mexico",epa,usajobs,https://www.usajobs.gov:443/job/847508100
59:26.7,10/6/2025,Budget Analyst,Missile Defense Agency,"Redstone Arsenal, Alabama, Dahlgren, Virginia, Fort Belvoir, Virginia",epa,usajobs,https://www.usajobs.gov:443/job/847506600
00:00.0,10/6/2025,Diagnostic Radiologic Technologist (CT),Veterans Health Administration,"Providence, Rhode Island",epa,usajobs,https://www.usajobs.gov:443/job/847414000
00:00.0,10/6/2025,Maintenance Test Pilot,Customs and Border Protection,"San Diego, California",epa,usajobs,https://www.usajobs.gov:443/job/847215500
00:00.0,10/6/2025,Utility Systems Repairer-Operator,Veterans Health Administration,"Chillicothe, Ohio","epa,utility",usajobs,https://www.usajobs.gov:443/job/847445500
00:00.0,10/6/2025,Program Assistant (Analysis),Veterans Health Administration,"Albuquerque, New Mexico","epa,regulatory",usajobs,https://www.usajobs.gov:443/job/847468700
00:00.0,10/5/2025,Nurse (Administration),Military Treatment Facilities under DHA,"Fort Sam Houston, Texas",epa,usajobs,https://www.usajobs.gov:443/job/847382300
00:00.0,10/4/2025,Facility Healthcare Program Manager (O-5 Billet) Non-Supervisory,Immigration and Customs Enforcement,"Port Isabel, Texas","compliance,epa",usajobs,https://www.usajobs.gov:443/job/844774200
00:00.0,10/4/2025,Health Services Administrator (O-6 Billet) Supervisory,Immigration and Customs Enforcement,"Miami, Florida",compliance,usajobs,https://www.usajobs.gov:443/job/847627600
00:00.0,10/4/2025,Compliance - Healthcare Risk Management Program Manager (O-5 Billet) Non-Supervisory,Immigration and Customs Enforcement,"Washington, District of Columbia",compliance,usajobs,https://www.usajobs.gov:443/job/846626800
00:00.0,10/4/2025,Facility Healthcare Program Manager (O-5 Billet) Non-Supervisory,Immigration and Customs Enforcement,"Pearsall, Texas","compliance,epa",usajobs,https://www.usajobs.gov:443/job/847264500
00:00.0,10/4/2025,Health Services Administrator (O-6 Billet) Supervisory,Immigration and Customs Enforcement,"Elizabeth, New Jersey",compliance,usajobs,https://www.usajobs.gov:443/job/846588200
00:00.0,10/4/2025,Clinical Nurse Manager (O-6 Billet) Supervisory,Immigration and Customs Enforcement,"Batavia, New York",compliance,usajobs,https://www.usajobs.gov:443/job/846588300
00:00.0,10/4/2025,Clinical Pharmacist Practitioner - Pain,Veterans Health Administration,"Oklahoma City, Oklahoma",compliance,usajobs,https://www.usajobs.gov:443/job/847487100
00:00.0,10/4/2025,Health Application Services Program Officer (APP) (O-5 Billet) Non-Supervisory,Immigration and Customs Enforcement,"District of Columbia, District of Columbia",epa,usajobs,https://www.usajobs.gov:443/job/846607000
38:14.8,10/3/2025,General Equipment Maintenance Repairer (Leader) NL-09,Army Installation Management Command,"Fort Wainwright, Alaska",epa,usajobs,https://www.usajobs.gov:443/job/847498500
13:35.2,10/3/2025,Health System Specialist,Veterans Health Administration,"Anchorage, Alaska",epa,usajobs,https://www.usajobs.gov:443/job/847496100
04:23.2,10/3/2025,EDUCATION AND TRAINING TECHNICIAN,Air Force Materiel Command,"Edwards AFB, California","compliance,regulatory",usajobs,https://www.usajobs.gov:443/job/847484700
29:53.1,10/3/2025,Advanced Diagnostic Radiologic Technologist - Computed Tomography,Veterans Health Administration,"Fort Meade, South Dakota",doe,usajobs,https://www.usajobs.gov:443/job/847487800
20:37.7,10/3/2025,Physician - Supervisory (Psychiatrist),Veterans Health Administration,"Spokane, Washington","doe,epa",usajobs,https://www.usajobs.gov:443/job/847477500
17:40.8,10/3/2025,Energy Marketing and Management Specialist,Western Area Power Administration,"Watertown, South Dakota",energy,usajobs,https://www.usajobs.gov:443/job/847421600
14:02.6,10/3/2025,Podiatrist - Supervisory (Outpatient Psychiatric Services),Veterans Health Administration,"Spokane, Washington",doe,usajobs,https://www.usajobs.gov:443/job/847476300
57:07.4,10/3/2025,Supervisory Medical Records Technician (Health Information Technician),Veterans Health Administration,"Bay Pines, Florida","compliance,regulatory",usajobs,https://www.usajobs.gov:443/job/847472300
46:49.3,10/3/2025,Surface Maintenance Repairer (Title 32) (Permanent),Army National Guard Units,"Troutville, Virginia",epa,usajobs,https://www.usajobs.gov:443/job/847457600
43:10.5,10/3/2025,FACILITY OPERATIONS SPECIALIST,"Commander, Navy Installations","Great Lakes, Illinois",epa,usajobs,https://www.usajobs.gov:443/job/847456100
22:43.1,10/3/2025,Staff Dental Assistant,Veterans Health Administration,"Lebanon, Pennsylvania",epa,usajobs,https://www.usajobs.gov:443/job/847452800
26:16.8,10/3/2025,Medical Records Administration Specialist,Veterans Health Administration,"Cincinnati, Ohio",compliance,usajobs,https://www.usajobs.gov:443/job/847441200
24:07.8,10/3/2025,Medical Records Technician (Coder) Auditor,Veterans Health Administration,"Anywhere in the U.S. (remote job), United States","compliance,doe,regulatory",usajobs,https://www.usajobs.gov:443/job/847442600
44:41.2,10/3/2025,Licensed Professional Mental Health Counselor - SUD,Veterans Health Administration,"Viera, Florida",epa,usajobs,https://www.usajobs.gov:443/job/847437200
22:38.5,10/3/2025,Lead NEPA Biologist,U.S. Army Corps of Engineers,"Phoenix, Arizona",epa,usajobs,https://www.usajobs.gov:443/job/847430000
07:54.5,10/3/2025,Diagnostic Radiologic Technologist (Computed Tomography),Veterans Health Administration,"Mishawaka, Indiana",epa,usajobs,https://www.usajobs.gov:443/job/847428700
00:33.6,10/3/2025,Procurement Analyst,National Nuclear Security Administration,"Albuquerque, New Mexico","energy,epa",usajobs,https://www.usajobs.gov:443/job/847426800
41:00.6,10/3/2025,Medical Technician,Veterans Health Administration,"San Francisco, California","doe,epa",usajobs,https://www.usajobs.gov:443/job/847423200
29:48.2,10/3/2025,Utility Systems Repairer-Operator,Washington Headquarters Services,"Pentagon, Arlington, Virginia","epa,utility",usajobs,https://www.usajobs.gov:443/job/847420500
05:12.9,10/3/2025,Lead Clinical Laboratory Scientist,Veterans Health Administration,"The Villages, Florida",epa,usajobs,https://www.usajobs.gov:443/job/847417200
36:49.4,10/3/2025,"Practical Nurse, Primary Care, Middletown CBOC",Veterans Health Administration,"Middletown, Ohio",doe,usajobs,https://www.usajobs.gov:443/job/847405600
13:36.9,10/3/2025,Utility Systems Operator,Veterans Health Administration,"Houston, Texas",utility,usajobs,https://www.usajobs.gov:443/job/847398700
56:09.0,10/3/2025,Registered Nurse-MER,Veterans Health Administration,"West Haven, Connecticut",epa,usajobs,https://www.usajobs.gov:443/job/847397200
30:57.2,10/3/2025,Occupational Therapist,Department of Defense Education Activity,"Fort Benning, Georgia",epa,usajobs,https://www.usajobs.gov:443/job/847395500
00:00.0,10/3/2025,"Custodial Worker (Housekeeping), NA-02",Army Installation Management Command,"Honolulu, Hawaii",epa,usajobs,https://www.usajobs.gov:443/job/847499300
00:00.0,10/3/2025,Physician (Otolaryngology),Veterans Health Administration,"Cincinnati, Ohio",doe,usajobs,https://www.usajobs.gov:443/job/847318500
00:00.0,10/3/2025,Physician (Orthopedic Surgeon),Veterans Health Administration,"Cincinnati, Ohio",doe,usajobs,https://www.usajobs.gov:443/job/847337400
00:00.0,10/3/2025,Emotionally Impaired Teacher,Department of Defense Education Activity,"Fort Benning, Georgia",epa,usajobs,https://www.usajobs.gov:443/job/847313000
00:00.0,10/3/2025,Registered Nurse - Health Promotion & Disease Prevention Program Manager,Veterans Health Administration,"Sioux Falls, South Dakota","compliance,doe",usajobs,https://www.usajobs.gov:443/job/847418300
00:00.0,10/3/2025,Emergency Management Specialist,Veterans Health Administration,"San Diego, California",epa,usajobs,https://www.usajobs.gov:443/job/847388700
26:53.4,10/2/2025,Supervisory Clinical Laboratory Scientist,Veterans Health Administration,"Bay Pines, Florida",epa,usajobs,https://www.usajobs.gov:443/job/847385300
39:20.5,10/2/2025,Clinical Pharmacy Specialist - Medication Management,Veterans Health Administration,"Cheyenne, Wyoming",doe,usajobs,https://www.usajobs.gov:443/job/847376700
29:44.7,10/2/2025,Diagnostic Radiologic Technologist (Computer Tomography),Veterans Health Administration,"Boise, Idaho",epa,usajobs,https://www.usajobs.gov:443/job/847375000
14:03.9,10/2/2025,Contract Specialist (Senior Level) NF-04,Army Installation Management Command,"Honolulu, Hawaii",epa,usajobs,https://www.usajobs.gov:443/job/847372800
12:46.3,10/2/2025,Emergency Management Specialist,Veterans Health Administration,"Reno, Nevada",epa,usajobs,https://www.usajobs.gov:443/job/847372400
38:39.6,10/2/2025,Biomedical Equipment Support Specialist (Imaging),Veterans Health Administration,"Durham, North Carolina",epa,usajobs,https://www.usajobs.gov:443/job/847365400
34:12.5,10/2/2025,Security Specialist - Uniform Compliance Officer,Veterans Health Administration,"Grand Junction, Colorado","compliance,epa",usajobs,https://www.usajobs.gov:443/job/847347000
33:02.8,10/2/2025,Diagnostic Radiologic Technologist (CT),Veterans Health Administration,"Winter Park, Florida",epa,usajobs,https://www.usajobs.gov:443/job/847279800
24:53.2,10/2/2025,Medical Records Technician (Coder-Outpatient & Inpatient),Veterans Health Administration,"Anywhere in the U.S. (remote job), United States",doe,usajobs,https://www.usajobs.gov:443/job/847239500
13:52.5,10/2/2025,Assistant Health System Administrator (Assistant Health Services Administrator),"Justice, Bureau of Prisons/Federal Prison System","Bruceton Mills, West Virginia",epa,usajobs,https://www.usajobs.gov:443/job/847340400
56:45.7,10/2/2025,Dietitian (Clinical),Veterans Health Administration,"Worcester, Massachusetts",epa,usajobs,https://www.usajobs.gov:443/job/847336000
40:28.4,10/2/2025,Dietitian (Clinical),Veterans Health Administration,"Anchorage, Alaska",epa,usajobs,https://www.usajobs.gov:443/job/847331300
11:05.4,10/2/2025,Biomedical Equipment Support Specialist (Imaging),Veterans Health Administration,"Ann Arbor, Michigan",epa,usajobs,https://www.usajobs.gov:443/job/847313300
08:41.0,10/2/2025,Prosthetic Representative,Veterans Health Administration,"Butler, Pennsylvania","compliance,epa",usajobs,https://www.usajobs.gov:443/job/847132000
06:02.5,10/2/2025,Supervisory Dietitian (Food Operations),Veterans Health Administration,"Amarillo, Texas",epa,usajobs,https://www.usajobs.gov:443/job/847312100
58:33.5,10/2/2025,Medical Records Technician (HIT),Veterans Health Administration,"Orlando, Florida","compliance,doe,regulatory",usajobs,https://www.usajobs.gov:443/job/847310100
43:51.4,10/2/2025,Air Conditioning Equipment Mechanic,Veterans Health Administration,"Big Spring, Texas",epa,usajobs,https://www.usajobs.gov:443/job/847307100
35:24.1,10/2/2025,Diagnostic Radiologic Technologist - CT,Veterans Health Administration,"Albany, New York",epa,usajobs,https://www.usajobs.gov:443/job/847304900
47:14.4,10/2/2025,Senior Psychologist (Service Chief) - Mental Health Associate Chief of Staff,Veterans Health Administration,"Miami, Florida",epa,usajobs,https://www.usajobs.gov:443/job/847294300
36:17.1,10/2/2025,Physician (Psychiatrist) Outpatient - Behavioral Health Interdisciplinary Program,Veterans Health Administration,"Wilkes Barre, Pennsylvania",epa,usajobs,https://www.usajobs.gov:443/job/847291900
30:05.9,10/2/2025,Medical Records Technician (Coder In/Out),Veterans Health Administration,"Anywhere in the U.S. (remote job), United States",doe,usajobs,https://www.usajobs.gov:443/job/847290700
54:01.4,10/2/2025,Diagnostic Radiologic Technologist,Veterans Health Administration,"Lincoln, Nebraska",doe,usajobs,https://www.usajobs.gov:443/job/847283200
31:54.8,10/2/2025,Supervisory Facility Operations Specialist (Facility Manager),"Justice, Bureau of Prisons/Federal Prison System","Inez, Kentucky",epa,usajobs,https://www.usajobs.gov:443/job/847278200
44:34.7,10/2/2025,IT SPECIALIST (NETWORK),Air National Guard Units,"Springfield, Ohio",transmission,usajobs,https://www.usajobs.gov:443/job/847270100
29:38.3,10/2/2025,Diagnostic Radiology Technologist-Computed Tomography,Veterans Health Administration,"Salt Lake City, Utah",epa,usajobs,https://www.usajobs.gov:443/job/847267600
00:00.0,10/2/2025,Physician (Rheumatology),Veterans Health Administration,"Cincinnati, Ohio",doe,usajobs,https://www.usajobs.gov:443/job/847239100
00:00.0,10/2/2025,Boiler Plant Operator,Veterans Health Administration,"Philadelphia, Pennsylvania","epa,utility",usajobs,https://www.usajobs.gov:443/job/847277400
00:00.0,10/2/2025,Staff Cardiologist (General),Veterans Health Administration,"Cincinnati, Ohio",doe,usajobs,https://www.usajobs.gov:443/job/847253100
00:00.0,10/2/2025,Diagnostic Radiologic Technologist - MRI,Veterans Health Administration,"Hampton, Virginia",doe,usajobs,https://www.usajobs.gov:443/job/847188500
00:00.0,10/2/2025,Licensed Professional Mental Health Counselor - BHIP,Veterans Health Administration,"Orlando, Florida",epa,usajobs,https://www.usajobs.gov:443/job/846925300
00:00.0,10/2/2025,Physician (Gastroenterology),Veterans Health Administration,"Cincinnati, Ohio",doe,usajobs,https://www.usajobs.gov:443/job/847223800
00:00.0,10/2/2025,MEDICAL RECORDS TECHNICIAN (Coder-Outpatient and Inpatient),Veterans Health Administration,"Lyons, New Jersey",epa,usajobs,https://www.usajobs.gov:443/job/847188100
00:00.0,10/2/2025,Registered Nurse - Patient Aligned Care Team,Veterans Health Administration,"Anchorage, Alaska",epa,usajobs,https://www.usajobs.gov:443/job/847341500
00:00.0,10/2/2025,Health Insurance Specialist,Centers for Medicare & Medicaid Services,"Woodlawn, Maryland","compliance,epa",usajobs,https://www.usajobs.gov:443/job/847168900
00:00.0,10/2/2025,Interdisciplinary Electrical/Electronic//CivilEngineer,Bonneville Power Administration,"Vancouver, Washington",transmission,usajobs,https://www.usajobs.gov:443/job/847243100
00:00.0,10/2/2025,Human Resources Specialist,Missile Defense Agency,"Redstone Arsenal, Alabama, Dahlgren, Virginia, Fort Belvoir, Virginia",regulatory,usajobs,https://www.usajobs.gov:443/job/847262200
00:00.0,10/2/2025,Biomedical Equipment Support Specialist,Veterans Health Administration,"Minneapolis, Minnesota",doe,usajobs,https://www.usajobs.gov:443/job/847231500
00:00.0,10/2/2025,Interdisciplinary Electrical/Electronic/Civil Engineer,Bonneville Power Administration,"Vancouver, Washington",transmission,usajobs,https://www.usajobs.gov:443/job/847243000
18:15.6,10/1/2025,Social Worker (M2VA),Veterans Health Administration,"Spokane, Washington",doe,usajobs,https://www.usajobs.gov:443/job/847249000
53:03.7,10/1/2025,Maintenance Foreman,Veterans Health Administration,"Portland, Oregon",utility,usajobs,https://www.usajobs.gov:443/job/847192000
30:30.4,10/1/2025,Diagnostic Radiologic Technologist (Computed Tomography),Veterans Health Administration,"Bronx, New York",doe,usajobs,https://www.usajobs.gov:443/job/847144600
28:06.0,10/1/2025,Supervisory Diagnostic Radiologic Technologist (IR),Veterans Health Administration,"Miami, Florida",doe,usajobs,https://www.usajobs.gov:443/job/847141700
26:45.6,10/1/2025,Pharmacy Supervisor,Veterans Health Administration,"Wilmington, North Carolina",doe,usajobs,https://www.usajobs.gov:443/job/847239200
08:35.4,10/1/2025,Clinical Pharmacist,Veterans Health Administration,"Detroit, Michigan","compliance,doe,regulatory",usajobs,https://www.usajobs.gov:443/job/847163200
03:06.8,10/1/2025,Nuclear Medicine Technologist,Veterans Health Administration,"Oklahoma City, Oklahoma",nuclear,usajobs,https://www.usajobs.gov:443/job/847207000
55:59.1,10/1/2025,Nuclear Medicine Technologist (Fusion Imaging Technologist),Veterans Health Administration,"Oklahoma City, Oklahoma",nuclear,usajobs,https://www.usajobs.gov:443/job/847209100
45:49.0,10/1/2025,Dietitian (Clinical),Veterans Health Administration,"Saint Cloud, Minnesota",doe,usajobs,https://www.usajobs.gov:443/job/847231100
43:17.7,10/1/2025,Chief Nurse (Geriatrics and Extended Care),Veterans Health Administration,"San Francisco, California",doe,usajobs,https://www.usajobs.gov:443/job/847230700
24:53.2,10/1/2025,Program Analyst (Drug and Alcohol) - SME (Open to both U.S. Citizens and Federal Employees),Federal Transit Administration,"Washington, District of Columbia","compliance,regulatory",usajobs,https://www.usajobs.gov:443/job/847227500
10:37.2,10/1/2025,Substation Operator,Bonneville Power Administration,"Burley, Idaho, Idaho Falls, Idaho, Columbia Falls, Montana, Gold Creek, Montana, Kalispell, Montana, Libby, Montana, Missoula, Montana, Albany, Oregon, Bandon, Oregon, Florence, Oregon, Hillsboro, Oregon, Keizer, Oregon, La Pine, Oregon, Malin, Oregon, Newport, Oregon, North Bend, Oregon, Oregon City, Oregon, Redmond, Oregon, The Dalles, Oregon, Umatilla, Oregon, Aberdeen, Washington, Bremerton, Washington, Centralia, Washington, Chehalis, Washington, Clarkston, Washington, Colville, Washington, Custer, Washington, East Wenatchee, Washington, Grand Coulee, Washington, Grandview, Washington, Kent, Washington, Longview, Washington, North Bonneville, Washington, Olympia, Washington, Omak, Washington, Pasco, Washington, Port Angeles, Washington, Richland, Washington, Shelton, Washington, Snohomish, Washington, Spokane, Washington, Vancouver, Washington, Walla Walla, Washington",transmission,usajobs,https://www.usajobs.gov:443/job/847224300
25:45.6,10/1/2025,Biomedical Equipment Support Specialist,Veterans Health Administration,"Anchorage, Alaska","doe,epa",usajobs,https://www.usajobs.gov:443/job/847212600
15:25.0,10/1/2025,Supervisory Biomedical Equipment Support Specialist,Veterans Health Administration,"Beckley, West Virginia","doe,epa",usajobs,https://www.usajobs.gov:443/job/847210400
11:44.1,10/1/2025,Patient Aligned Care Team (PACT) Pharmacy Supervisor,Veterans Health Administration,"Chesapeake County, Virginia",doe,usajobs,https://www.usajobs.gov:443/job/847197600
57:42.7,10/1/2025,Physician- Chief of Orthopedics,Veterans Health Administration,"Buffalo, New York","compliance,doe,epa",usajobs,https://www.usajobs.gov:443/job/847194400
31:54.4,10/1/2025,Pharmacist (Clinical Specialist)-Hematology/Oncology,Veterans Health Administration,"East Orange, New Jersey",doe,usajobs,https://www.usajobs.gov:443/job/847189400
19:08.0,10/1/2025,Nurse (Outpatient Procedural Services),Veterans Health Administration,"Portland, Oregon",doe,usajobs,https://www.usajobs.gov:443/job/847185700
08:00.5,10/1/2025,Diagnostic Radiologic Technologist (MRI),Veterans Health Administration,"Cleveland, Ohio",doe,usajobs,https://www.usajobs.gov:443/job/847165000
05:37.5,10/1/2025,Medical Records Technician (Coder-Outpatient and Inpatient),Veterans Health Administration,"Fargo, North Dakota",doe,usajobs,https://www.usajobs.gov:443/job/847161600
03:32.0,10/1/2025,Biomedical Equipment Support Specialist,Veterans Health Administration,"Hot Springs, South Dakota",doe,usajobs,https://www.usajobs.gov:443/job/847149100
52:48.7,10/1/2025,Diagnostic Radiologic Technologist - PM Shift,Veterans Health Administration,"Fargo, North Dakota",doe,usajobs,https://www.usajobs.gov:443/job/847165700
32:07.1,10/1/2025,Biomedical Equipment Support Specialist,Veterans Health Administration,"Marion, Indiana",doe,usajobs,https://www.usajobs.gov:443/job/847057600
41:19.7,10/1/2025,Lead Diagnostic Radiologic Technologist,Veterans Health Administration,"Orlando, Florida",doe,usajobs,https://www.usajobs.gov:443/job/847151300
34:28.4,10/1/2025,Air Conditioning Equipment Mechanic,Veterans Health Administration,"Kansas City, Missouri",epa,usajobs,https://www.usajobs.gov:443/job/847149900
06:58.2,10/1/2025,Deputy Director for Cyber Intelligence,Department of Energy - Agency Wide,"Washington, District of Columbia","energy,epa,nuclear",usajobs,https://www.usajobs.gov:443/job/847144100
45:59.9,10/1/2025,PACT OUTPATIENT STAFF REGISTERED NURSE,Veterans Health Administration,"Slidell, Louisiana",epa,usajobs,https://www.usajobs.gov:443/job/847141900
58:09.8,10/1/2025,Physician (Psychiatric Physician),"Justice, Bureau of Prisons/Federal Prison System","Guaynabo, Puerto Rico, Texarkana, Texas, Three Rivers, Texas, Jonesville, Virginia, Prince George, Virginia, Seatac, Washington, Alderson, West Virginia, Beaver, West Virginia, Bruceton Mills, West Virginia, Glenville, West Virginia, Morgantown, West Virginia, Welch, West Virginia, Grand Marsh, Wisconsin, Aliceville, Alabama, Maxwell AFB, Alabama, Talladega, Alabama, Phoenix, Arizona, Safford, Arizona, Tucson, Arizona, Forrest City, Arkansas, Atwater, California, Dublin, California, Herlong Sierra Ordnance Depot, California, Lompoc, California, Los Angeles, California, Mendota, California, San Diego, California, Victorville, California, Florence, Colorado, Littleton, Colorado, Danbury, Connecticut, Coleman, Florida, Marianna, Florida, Miami, Florida, Pensacola, Florida, Tallahassee, Florida, Atlanta, Georgia, Jesup, Georgia, Honolulu, Hawaii, Chicago, Illinois, Greenville, Illinois, Marion, Illinois, Pekin, Illinois, Thomson, Illinois, Terre Haute, Indiana, Leavenworth, Kansas, Ashland, Kentucky, Inez, Kentucky, Lexington, Kentucky, Manchester, Kentucky, Pine Knot, Kentucky, Oakdale, Louisiana, Pollock, Louisiana, Cumberland, Maryland, Fort Devens, Massachusetts, Milan, Michigan, Duluth, Minnesota, Rochester, Minnesota, Sandstone, Minnesota, Waseca, Minnesota, Yazoo City, Mississippi, Springfield, Missouri, Berlin, New Hampshire, Fairton, New Jersey, Fort Dix, New Jersey, Kings, New York, New York, New York, Otisville, New York, Ray Brook, New York, Butner, North Carolina, Elkton, Ohio, El Reno, Oklahoma, Oklahoma City, Oklahoma, Sheridan, Oregon, Gregg Township, Pennsylvania, Kelly Township, Pennsylvania, Lewis Run, Pennsylvania, Loretto, Pennsylvania, Minersville, Pennsylvania, Philadelphia, Pennsylvania, Waymart, Pennsylvania, Bennettsville, South Carolina, Edgefield, South Carolina, Estill, South Carolina, Salters, South Carolina, Yankton, South Dakota, Memphis, Tennessee, Bastrop, Texas, Beaumont, Texas, Big Spring, Texas, Bryan, Texas, Federal Medical Center Carswell, Texas, Fort Worth, Texas, Houston, Texas, La Tuna, Texas, Seagoville, Texas",epa,usajobs,https://www.usajobs.gov:443/job/847135600
42:58.7,10/1/2025,Plumber,Veterans Health Administration,"West Haven, Connecticut",epa,usajobs,https://www.usajobs.gov:443/job/847133300
10:21.6,10/1/2025,Social Worker (Program Coordinator) - Grant Per Diem & Contract Residential Programs,Veterans Health Administration,"West Palm Beach, Florida",doe,usajobs,https://www.usajobs.gov:443/job/846930600
00:00.0,10/1/2025,Interdisciplinary Civil/Mechanical Engineer,Bonneville Power Administration,"Vancouver, Washington",transmission,usajobs,https://www.usajobs.gov:443/job/847246500
00:00.0,10/1/2025,Diagnostic Radiologic Technologist,Veterans Health Administration,"Lake City, Florida",epa,usajobs,https://www.usajobs.gov:443/job/847007000
00:00.0,10/1/2025,Pharmacist-Clinical Specialist-Hematology/Oncology,Veterans Health Administration,"Tampa, Florida",epa,usajobs,https://www.usajobs.gov:443/job/847168500
00:00.0,10/1/2025,Supervisory Diagnostic Radiologic Technologist - Chief Technologist,Veterans Health Administration,"Orlando, Florida",nuclear,usajobs,https://www.usajobs.gov:443/job/847013200
00:00.0,10/1/2025,FINANCIAL SERVICES SPECIALIST,Air Combat Command,"Beale AFB, California",compliance,usajobs,https://www.usajobs.gov:443/job/847090800
00:00.0,10/1/2025,Physician (Nocturnist),Veterans Health Administration,"Tucson, Arizona",epa,usajobs,https://www.usajobs.gov:443/job/847066500
00:00.0,10/1/2025,Emergency Management Specialist (Mitigation),Federal Emergency Management Agency,"Harrisburg, Pennsylvania, Philadelphia, Pennsylvania, Charleston, West Virginia",compliance,usajobs,https://www.usajobs.gov:443/job/846606200
00:00.0,10/1/2025,Pharmacist (Clinical Spec-Primary Care),Veterans Health Administration,"Wilmington, North Carolina",doe,usajobs,https://www.usajobs.gov:443/job/847241300
00:00.0,10/1/2025,IT SPECIALIST (SYSADMIN/CUSTSPT),Air Force Global Strike Command,"Barksdale AFB, Louisiana",compliance,usajobs,https://www.usajobs.gov:443/job/847044400
00:00.0,10/1/2025,Advanced Diagnostic Radiologic Technologist - Ultrasound Sonography,Veterans Health Administration,"Danville, Illinois",doe,usajobs,https://www.usajobs.gov:443/job/847057100
00:18.5,9/30/2025,Registered Nurse - Nurse Educator/Electronic Health Record Training Coordinator,Veterans Health Administration,"Tomah, Wisconsin",doe,usajobs,https://www.usajobs.gov:443/job/847119600
21:11.9,9/30/2025,HEAVY MOBILE EQUIPMENT MECHANIC,Air Force Global Strike Command,"Minot AFB, North Dakota","epa,utility",usajobs,https://www.usajobs.gov:443/job/847109400
19:42.1,9/30/2025,Utility Systems Repairer Operator,Veterans Health Administration,"Bronx, New York","epa,utility",usajobs,https://www.usajobs.gov:443/job/846989700
59:14.9,9/30/2025,Trial Attorney (FTCA),"Offices, Boards and Divisions","Washington, District of Columbia",regulatory,usajobs,https://www.usajobs.gov:443/job/847088600
47:05.3,9/30/2025,Budget Analyst,"Office of the Inspector General, USPS","Arlington, Virginia",regulatory,usajobs,https://www.usajobs.gov:443/job/847087300
14:04.0,9/30/2025,Program Analyst (SSO) - SME (Open to both U.S. Citizens and Federal Employees ),Federal Transit Administration,"Washington, District of Columbia",regulatory,usajobs,https://www.usajobs.gov:443/job/847079800
09:45.4,9/30/2025,Analyst in Financial Economics,Library of Congress,"Washington, District of Columbia",regulatory,usajobs,https://www.usajobs.gov:443/job/847065500
06:20.9,9/30/2025,Personnel Security Analyst,"Office of the Inspector General, USPS","Arlington, Virginia",regulatory,usajobs,https://www.usajobs.gov:443/job/847064500
34:29.6,9/30/2025,Chief Physician- Nuclear Medicine- Diagnostic Imaging,Veterans Health Administration,"Indianapolis, Indiana",nuclear,usajobs,https://www.usajobs.gov:443/job/846868100
51:42.4,9/30/2025,GENERAL ATTORNEY - APPELLATE,Securities and Exchange Commission,"Washington, District of Columbia",regulatory,usajobs,https://www.usajobs.gov:443/job/847000500
56:13.9,9/30/2025,Supervisory Law Enforcement Specialist (Instruction),Federal Law Enforcement Training Centers,"Glynco, Georgia",epa,usajobs,https://www.usajobs.gov:443/job/846934700
08:07.0,9/30/2025,Deputy Associate General Counsel for Program Review (CMSD),Office of the Secretary of Health and Human Services,"Washington, District of Columbia, Baltimore, Maryland",epa,usajobs,https://www.usajobs.gov:443/job/846003700
00:00.0,9/30/2025,Air Conditioning Equipment Mechanic,Veterans Health Administration,"Chillicothe, Ohio",epa,usajobs,https://www.usajobs.gov:443/job/846926300
00:00.0,9/30/2025,Clinical Pharmacy Specialist,Veterans Health Administration,"Detroit, Michigan","doe,epa",usajobs,https://www.usajobs.gov:443/job/847098400
00:00.0,9/30/2025,TITLE 32 SURFACE MAINTENANCE REPAIRER (MI SMO - FMS 22),Army National Guard Units,"Midland, Michigan",epa,usajobs,https://www.usajobs.gov:443/job/846904900
00:00.0,9/30/2025,Boiler Plant Operator Supervisor,Veterans Health Administration,"Leeds, Massachusetts","epa,utility",usajobs,https://www.usajobs.gov:443/job/847050900
00:00.0,9/30/2025,Medical Records Technician (Coder - Outpatient and Inpatient),Veterans Health Administration,"Tampa, Florida",doe,usajobs,https://www.usajobs.gov:443/job/847024100
00:00.0,9/30/2025,Law Enforcement Information Systems Specialist,Customs and Border Protection,"Spokane, Washington",epa,usajobs,https://www.usajobs.gov:443/job/846800300
00:00.0,9/30/2025,Medical Instrument Technician (Diagnostic Ultrasound),Veterans Health Administration,"Bronx, New York",doe,usajobs,https://www.usajobs.gov:443/job/846991000
00:00.0,9/30/2025,Supervisory Nuclear Medical Technologist,Veterans Health Administration,"Philadelphia, Pennsylvania","doe,nuclear",usajobs,https://www.usajobs.gov:443/job/846915200
00:00.0,9/30/2025,Diagnostic Radiologic Technologist (MRI),Veterans Health Administration,"Gainesville, Florida",epa,usajobs,https://www.usajobs.gov:443/job/846917000
00:00.0,9/30/2025,Nuclear Medicine Technologist,Veterans Health Administration,"Saint Louis, Missouri",nuclear,usajobs,https://www.usajobs.gov:443/job/846956700
00:00.0,9/30/2025,Supervisory General Engineer (Energy Branch Manager),Smithsonian Institution ,"Washington, District of Columbia",energy,usajobs,https://www.usajobs.gov:443/job/847410000
52:21.2,9/29/2025,Patent Examiner (Electrical Engineering),Patent and Trademark Office,"Alexandria, Virginia",energy,usajobs,https://www.usajobs.gov:443/job/846934100
06:48.5,9/29/2025,Nuclear Medicine Technologist,Veterans Health Administration,"Albany, New York","epa,nuclear",usajobs,https://www.usajobs.gov:443/job/846931300
43:19.9,9/29/2025,Staff Psychologist - Primary Care Mental Health Integration (PCMHI),Veterans Health Administration,"West Palm Beach, Florida",epa,usajobs,https://www.usajobs.gov:443/job/846742800
33:24.6,9/29/2025,Utility Systems Repairer-Operator Supervisor (Utility Systems Repairer-Operator Foreman),"Justice, Bureau of Prisons/Federal Prison System","Butner Federal Correctional Complex, North Carolina","epa,utility",usajobs,https://www.usajobs.gov:443/job/846916000
30:51.1,9/29/2025,Psychology Program Manager - Psychology/Workplace Violence Prevention,Veterans Health Administration,"West Palm Beach, Florida",epa,usajobs,https://www.usajobs.gov:443/job/846743900
20:58.4,9/29/2025,Special Investigative Services Technician (SIS Technician),"Justice, Bureau of Prisons/Federal Prison System","Greenville, Illinois",epa,usajobs,https://www.usajobs.gov:443/job/846916300
18:20.6,9/29/2025,Health System Administrator (Health Services Administrator),"Justice, Bureau of Prisons/Federal Prison System","Ray Brook, New York",epa,usajobs,https://www.usajobs.gov:443/job/846903200
45:46.0,9/29/2025,Supervisory Immigration Services Assistant,Citizenship and Immigration Services,"Denver, Colorado, Chicago, Illinois, Troy, Michigan, Kansas City, Missouri, Omaha, Nebraska, Las Vegas, Nevada, Salt Lake City, Utah, Milwaukee, Wisconsin",compliance,usajobs,https://www.usajobs.gov:443/job/846732100
37:56.3,9/29/2025,Budget Analyst,Executive Office for U.S. Attorneys and the Office of the U.S. Attorneys,"San Francisco, California",epa,usajobs,https://www.usajobs.gov:443/job/846883800
15:41.7,9/29/2025,Lead Biomedical Equipment Support Specialist,Veterans Health Administration,"Madison, Wisconsin",epa,usajobs,https://www.usajobs.gov:443/job/846839900
13:56.5,9/29/2025,Assistant Health System Administrator (Assistant Health Services Administrator),"Justice, Bureau of Prisons/Federal Prison System","Tucson, Arizona",epa,usajobs,https://www.usajobs.gov:443/job/846851100
54:25.8,9/29/2025,Special Investigative Services Technician (SIS Technician),"Justice, Bureau of Prisons/Federal Prison System","Phoenix, Arizona",epa,usajobs,https://www.usajobs.gov:443/job/846846400
41:50.1,9/29/2025,Special Investigative Services Technician (SIS Technician),"Justice, Bureau of Prisons/Federal Prison System","Ray Brook, New York",epa,usajobs,https://www.usajobs.gov:443/job/846842400
19:11.3,9/29/2025,Business Administrator,"Justice, Bureau of Prisons/Federal Prison System","Bryan, Texas",epa,usajobs,https://www.usajobs.gov:443/job/846832300
17:22.2,9/29/2025,Information Technology (IT) Specialist - IT Service Management (ITSM),"Office of the Inspector General, USPS","Arlington, Virginia",regulatory,usajobs,https://www.usajobs.gov:443/job/846832100
12:09.4,9/29/2025,INFORMATION TECHNOLOGY SPECIALIST,Executive Office for U.S. Attorneys and the Office of the U.S. Attorneys,"Denver, Colorado",epa,usajobs,https://www.usajobs.gov:443/job/846829800
03:15.8,9/29/2025,Nurse (Quality Improvement and Infection Control Nurse),"Justice, Bureau of Prisons/Federal Prison System","Marianna, Florida",epa,usajobs,https://www.usajobs.gov:443/job/846826600
54:10.9,9/29/2025,Plumbing Worker Supervisor (Plumbing Worker Foreman),"Justice, Bureau of Prisons/Federal Prison System","Fort Dix, New Jersey",epa,usajobs,https://www.usajobs.gov:443/job/846822700
47:07.0,9/29/2025,Air Conditioning Equipment Mechanic Supervisor (HVAC Foreman),"Justice, Bureau of Prisons/Federal Prison System","Seagoville, Texas",epa,usajobs,https://www.usajobs.gov:443/job/846818900
21:47.6,9/29/2025,Supervisory Immigration Services Assistant (SISA),Citizenship and Immigration Services,"Baltimore, Maryland, Charlotte, North Carolina, Raleigh, North Carolina",compliance,usajobs,https://www.usajobs.gov:443/job/846810400
08:00.2,9/29/2025,Air Conditioning Equipment Mechanic Supervisor (HVAC Foreman),"Justice, Bureau of Prisons/Federal Prison System","El Reno, Oklahoma",epa,usajobs,https://www.usajobs.gov:443/job/846804600
00:34.9,9/29/2025,Supervisory Contract Specialist - UNICOR,"Justice, Bureau of Prisons/Federal Prison System","Forrest City, Arkansas, Coleman, Florida, Tallahassee, Florida, Greenville, Illinois, Marion, Illinois, Terre Haute, Indiana, Lexington, Kentucky, Manchester, Kentucky, Waseca, Minnesota, Yazoo City, Mississippi, Gregg Township, Pennsylvania, Bruceton Mills, West Virginia, Glenville, West Virginia",epa,usajobs,https://www.usajobs.gov:443/job/846802600
50:10.4,9/29/2025,Utility Systems Repairer-Operator,National Park Service,"Monroe County, Florida","epa,utility",usajobs,https://www.usajobs.gov:443/job/846569100
43:58.8,9/29/2025,Supervisory Dietitian (Food Operations),Veterans Health Administration,"Bay Pines, Florida",epa,usajobs,https://www.usajobs.gov:443/job/846784500
00:00.0,9/29/2025,Clinical Lab Scientist,Veterans Health Administration,"Kansas City, Missouri",regulatory,usajobs,https://www.usajobs.gov:443/job/846622300
00:00.0,9/29/2025,Registered Nurse (Peritoneal Dialysis),Veterans Health Administration,"Durham, North Carolina",doe,usajobs,https://www.usajobs.gov:443/job/846757100
00:00.0,9/29/2025,"Supervisory Facility Operations Specialists, (Regional Facilities Administrator)","Justice, Bureau of Prisons/Federal Prison System","Kansas City, Kansas",epa,usajobs,https://www.usajobs.gov:443/job/846910000
00:00.0,9/29/2025,Air Conditioning Equipment Mechanic,Veterans Health Administration,"Seattle, Washington",epa,usajobs,https://www.usajobs.gov:443/job/846679500
00:00.0,9/29/2025,Diagnostic Radiologic Technologist,Veterans Health Administration,"Wilmington, Delaware",doe,usajobs,https://www.usajobs.gov:443/job/846816700
00:00.0,9/29/2025,Health System Specialist - Integrity & Compliance Officer,Veterans Health Administration,"Leavenworth County, Kansas, Topeka, Kansas",compliance,usajobs,https://www.usajobs.gov:443/job/846635400
00:00.0,9/29/2025,Supervisory Immigration Services Assistant,Citizenship and Immigration Services,"Phoenix, Arizona, Saint Paul, Minnesota, Reno, Nevada, Oklahoma City, Oklahoma, Dallas, Texas, Edinburg, Texas, El Paso, Texas, San Antonio, Texas",compliance,usajobs,https://www.usajobs.gov:443/job/846742300
00:00.0,9/29/2025,Engineering Technician (Aerospace) (QC Representative),Federal Aviation Administration,"Sacramento, California, Kennesaw, Georgia, Battle Creek, Michigan, Atlantic City, New Jersey",compliance,usajobs,https://www.usajobs.gov:443/job/846691700
00:00.0,9/29/2025,IT Specialist (DATA MANAGEMENT),Office of Administration,"District of Columbia, District of Columbia",compliance,usajobs,https://www.usajobs.gov:443/job/846650400
00:00.0,9/29/2025,SUPERVISORY ADMINISTRATIVE/TECHNICAL SPECIALIST,Naval Sea Systems Command,"Crane, Indiana","energy,epa",usajobs,https://www.usajobs.gov:443/job/846761000
00:00.0,9/29/2025,Import Specialist,Customs and Border Protection,"New York, New York",epa,usajobs,https://www.usajobs.gov:443/job/846731300
00:00.0,9/29/2025,Immigration Services Assistant (Office Automation),Citizenship and Immigration Services,"Cleveland, Ohio",epa,usajobs,https://www.usajobs.gov:443/job/846648500
00:00.0,9/29/2025,Deputy Site Office Manager,Department of Energy - Agency Wide,"Berkeley, California","energy,epa",usajobs,https://www.usajobs.gov:443/job/846718200
00:00.0,9/29/2025,Special Investigative Services Technician (SIS Technician),"Justice, Bureau of Prisons/Federal Prison System","Miami-Dade County, Florida",epa,usajobs,https://www.usajobs.gov:443/job/846927500
00:00.0,9/29/2025,Marine Interdiction Agent,Customs and Border Protection,"Salt Lake City, Utah, Seattle, Washington, Phoenix, Arizona, Los Angeles, California, San Francisco, California, Denver, Colorado, Washington, District of Columbia, Miami, Florida, Atlanta, Georgia, Chicago, Illinois, Indianapolis, Indiana, New Orleans, Louisiana, Boston, Massachusetts, Minneapolis, Minnesota, Kansas City, Missouri, Albuquerque, New Mexico, New York, New York, Oklahoma City, Oklahoma, Portland, Oregon, Austin, Texas",epa,usajobs,https://www.usajobs.gov:443/job/846764700
00:00.0,9/29/2025,CYP Child and Youth Program Maintenance Worker,"Commander, Navy Installations","Fallon, Nevada",epa,usajobs,https://www.usajobs.gov:443/job/846847700
00:00.0,9/29/2025,Regional Director- Western,Defense Counterintelligence and Security Agency,"San Diego County, California",epa,usajobs,https://www.usajobs.gov:443/job/846865500
00:00.0,9/29/2025,Boiler Plant Operator,Veterans Health Administration,"Wilmington, Delaware","epa,utility",usajobs,https://www.usajobs.gov:443/job/847618600
00:00.0,9/29/2025,Supervisory IT Cybersecurity Specialist (INFOSEC),Western Area Power Administration,"Phoenix, Arizona, Folsom, California, Lakewood, Colorado, Salt Lake City, Utah, Seattle, Washington, Phoenix, Arizona, Los Angeles, California, San Francisco, California, Denver, Colorado, Washington, District of Columbia, Miami, Florida, Atlanta, Georgia, Chicago, Illinois, Indianapolis, Indiana, New Orleans, Louisiana, Boston, Massachusetts, Minneapolis, Minnesota, Kansas City, Missouri, Albuquerque, New Mexico, New York, New York, Oklahoma City, Oklahoma, Portland, Oregon, Austin, Texas, Billings, Montana, Bismarck, North Dakota, Watertown, South Dakota",compliance,usajobs,https://www.usajobs.gov:443/job/846766000
00:00.0,9/29/2025,MAINTENANCE MECHANIC,Washington Headquarters Services,"Pentagon, Arlington, Virginia",epa,usajobs,https://www.usajobs.gov:443/job/846699800
00:00.0,9/29/2025,Supervisory CBP Agriculture Specialist,Customs and Border Protection,"Lukeville, Arizona",epa,usajobs,https://www.usajobs.gov:443/job/846702400
00:00.0,9/29/2025,Engineering Equipment Operator,Veterans Health Administration,"Coatesville, Pennsylvania",epa,usajobs,https://www.usajobs.gov:443/job/846787500
00:00.0,9/29/2025,Psychiatrist- Assistant Chief (Education Debt Repayment and Sign on Bonus),Veterans Health Administration,"Battle Creek, Michigan","doe,epa",usajobs,https://www.usajobs.gov:443/job/846789100
00:00.0,9/29/2025,Public Utilities Specialist (Trader),Bonneville Power Administration,"Portland, Oregon",regulatory,usajobs,https://www.usajobs.gov:443/job/846823000
00:00.0,9/29/2025,Realty Specialist,Western Area Power Administration,"Lakewood, Colorado, Loveland, Colorado",transmission,usajobs,https://www.usajobs.gov:443/job/846592900
38:08.7,8/20/2025,Director of Finance,Medicaid and CHIP Payment and Access Commission,"Washington, District of Columbia",compliance,usajobs,https://www.usajobs.gov:443/job/843901300
00:00.0,7/24/2025,SURFACE MAINTENANCE MECHANIC,Army National Guard Units,"Stead AFB, Nevada",epa,usajobs,https://www.usajobs.gov:443/job/841565000
00:00.0,7/22/2025,SURFACE MAINTENANCE REPAIRER,Army National Guard Units,"Stead AFB, Nevada",epa,usajobs,https://www.usajobs.gov:443/job/841305700
,,Senior Energy Assurance Engineer,,,energy,indeed,https://www.indeed.com/pagead/clk?mo=r&ad=-6NYlbfkN0BTmcdQvo8x1FIzX_jZBHGMw15tw139vhcOAIFV3L5bZR9poaehnKsmQ4axTXyd_MziY-3ZfeW5Y-55WfHsG08yWms5aRHKOv6qmn6DkUMg7ycGD06-NNRNjm6goDUbQJAGjobfmFN4Ypl6qb3joR473Wq6UO4rzntL6nDF7ACUrPffO_EEGn6FGujklWN8J2DM2hYVwTejleDl7vzY8l4TBBhr5blt_4uFl2iahKrN1XbDP9JX7lkzTt3POGxJc2uhWF8-LPjKV0RqHKrMOimP86e4_milkMhXZCePrpp3LU_-pwEC89qRdWZd-I_rogRrhWamTyjz3j1-XSLL23pw57rXADapvJD99Q08Q-NZYbvQewl-AC9Gel8_dE-2yukx-lFSfSo05XNCmiq8pTCJUE4vacIJtRLgAtdJonIOvYyHHX3GP-UICAk31Ef50QjTP-J8QVgCIYwMAu1oxCDElP-l5MNbX6g0snCEVnarDlySWUgTlf3YuhY_31sJNvo_6a9Z9i55vKNN4fAjOM93Z11lyNci_Rku4vlzcdEQsmpkrWlIUki0TiItsrot3347b0gotdYgUjNI6LHka359BWYu1HLOX9gsTTQADHFJv3DcrI3sBJdSZkNsoSd8UGwZ8tU8Ax4Z2NaTZ2d9LbkZiqM3q41KK4PbBjYc1CnBUJdsDssCVTuKR03SIXeAzi4aiH4DAMobLGbt7jDxrlqlZkP0093iVHRVduGptxPpcjs6R4fmfXV1AS8sCryKmE2Gfsi4iUThgmvsnHBPc15L9bympKqmjEk7zMzgKJb3KKSuIZV6BZb0EH95B8pTFKM=&xkcb=SoC96_M3sfukauSwBZ0LbzkdCdPP&camk=UoKtGZLa3XItDJxcgFB_6w==&p=0&fvj=0&vjs=3
,,Global Trade Compliance Specialist,,,compliance,indeed,https://www.indeed.com/pagead/clk?mo=r&ad=-6NYlbfkN0DGtvCjr_hpx8fUuDnyujW581tkFtxP3yeIpe5ZII5B4s2HKIIljlr99miXyjc47Of65ynr8rlEHZ40TytPtCoOOAK0jvZzCvPK-EsywU8Nx7bnSrLc0fSxyMQhgtebYL2bzTf8JMENfrzkEDGt_3y3JZa7G9RqiKb9CZ4jjC-z23gWhjHJ7uUVvChypB41-dEl94HGUFk40shdl_CZjH3199z6COaKGXmt5SS7Uz8XfoOYX7vaDOkjdvZz2Oerkjv9MMQHZMLNHA0vwHBuV-UybWqX-wGqdrsOA5J2rwlBOdIkM1bPYodgaDb8VwU_V75JWHqGF18X1vt3e3wyzGyFWKqOwlf6hOXOlyUKSJtpNnpzuReWKqPUEjutJShF4fKWMTDsgMZMfPY2mehCR8Wf6_4XrSG9qDWWOawbV4SV5ABhqRIPAqfhgKRkuRV6SVXeIlLtVOytLBcKDQKTsQ2YHDVDC1kZSi4pCxMa6MGv_PuHfPTOfqHu1vxNHz0XBTYrwRNOTJ6KRPpSsRSumbpqs5tu8HqnImJDvIiw6UJx8pWiMKJraGF3_tVnQ3wMbVO_TE7TemYAQS5cZ5HLqRfKsCMf_X6HO9HOVAD5CJEL2X_rw0TDHuzqtypXpjJYU5dIPdygP_WE5g2zqIBFhKmCPyzmNhOmxXMlUrvScMBFGcvrG48uDJbW_r7l9BZ2tek=&xkcb=SoAJ6_M3sfukauSwBZ0KbzkdCdPP&camk=UoKtGZLa3XJ1uETemIZo-A==&p=1&fvj=0&vjs=3
,,Campus - Energy & Utility Policy and Regulatory consultant,,,"energy,regulatory,utility",indeed,https://www.indeed.com/rc/clk?jk=0a98bf3e4bc9a84d&bb=Cq3oHBv2xvFGM6E3HvbMYQxRqPoHiUzoFrlGasIV5Nyn9vGTHQLO50O19vjsCGNZSklkXm-5vmJLFEA1n2FlKvUORxj-_-iiwzw6Mpi4JU4VYg5ZGDBQVjFbcCS3DdcSkigHghVF5DZyafamSfU31Q%3D%3D&xkcb=SoDU67M3sfukauSwBZ0IbzkdCdPP&fccid=cf94a2aa6eb7d672&vjs=3
,,"Lead, Government Relations & Regulatory Policy (Balanced Energy Solutions)",,,"energy,regulatory",indeed,https://www.indeed.com/rc/clk?jk=39c667283ff782cd&bb=Cq3oHBv2xvFGM6E3HvbMYds4ZHrxVB1wWIfgUYKdfwFkOgBCd6w2FX0VEko3wQV-86303colPK8YDlicftPlJ9YdtjQj7Ineh0G2Mz3B-fqn80rAQGiHQ2K3fqGBBFpaYQBcEO8JKuyZW9YFoP0Tww%3D%3D&xkcb=SoBa67M3sfukauSwBZ0PbzkdCdPP&fccid=ead7cce38300db8a&vjs=3
,,Regulatory Advisor-â€¯Energy and Utilities,,,"energy,regulatory",indeed,https://www.indeed.com/rc/clk?jk=5b7486db121e5505&bb=Cq3oHBv2xvFGM6E3HvbMYSEluVLhla9uA8PrYJsqc5e8q1AXPhL5_pe7WFaA824sIPgL7LuSEXurlNhJ2jxs_YR8O5iy0nlo7jsJq2_flTphQ2VojDWqCPyEW_ao1iUoMzPgVH-r8GSWKIV8FMHIag%3D%3D&xkcb=SoDu67M3sfukauSwBZ0ObzkdCdPP&fccid=e290923a98afee94&vjs=3
,,Manager of Energy Scheduling,,,energy,indeed,https://www.indeed.com/rc/clk?jk=8d58f35d88a75ed6&bb=Cq3oHBv2xvFGM6E3HvbMYVOrwQw1m64QYpDsepeSf25KEZRtJAKTLUgiZ3R6EayXM94MVsNWuG6OnKEylSuzzLQo4x3sVIn2cellzd6Hs0fW2WswG95iyVBN4MbOBbEKlUr92jkSswk9hbvlyqQRpg%3D%3D&xkcb=SoBz67M3sfukauSwBZ0NbzkdCdPP&fccid=dd616958bd9ddc12&vjs=3
,,AES Indiana Regulatory Analyst,,,regulatory,indeed,https://www.indeed.com/rc/clk?jk=46196dc5762b8a0f&bb=Cq3oHBv2xvFGM6E3HvbMYSFfMCtMo-me9SMu5_yAJyuhiMqVIPdy_9jH4iYx-nlqcXwGhsIbZiruop8131sdRoKvEuml-qzwPfx_OdqulUy1VKRSmpkThFjBy95vbZ_Oc2xtxT-P38b6hz_9hV2wBA%3D%3D&xkcb=SoDH67M3sfukauSwBZ0MbzkdCdPP&fccid=4145ae4ca688fa25&vjs=3
,,Regulatory Research & File Analyst,,,regulatory,indeed,https://www.indeed.com/rc/clk?jk=e87e6692d07b07e8&bb=Cq3oHBv2xvFGM6E3HvbMYZTqB4IO97nCsFiZkXhcxwuTqVPA0S1r_htIxJdVhDa3VfHja6Q13K4DIuYpq0VLGDPldkArO0kS4wW7DrZ8z8guUqSpClKblW7lFFchSk-PcwGmZ3IokJvbscqXy2dalA%3D%3D&xkcb=SoAu67M3sfukauSwBZ0DbzkdCdPP&fccid=65f120e244aba589&vjs=3
,,Regulatory Specialist,,,regulatory,indeed,https://www.indeed.com/rc/clk?jk=3bd1a30a204aaed4&bb=Cq3oHBv2xvFGM6E3HvbMYWSObORGWqkAjsdqBo_a1xFSOBuHAcQyub8I4VSt2cz2e2dicYUj4eENdHrriFiBKuYMvMtFMwHUbAdW7Oy68WLVNBlxLYlxdV9-NgznBW9Ew2yd43qh52e04lPphAiWmg%3D%3D&xkcb=SoCa67M3sfukauSwBZ0CbzkdCdPP&fccid=43bc7935b13c5f25&vjs=3
,,Regulatory Compliance Specialist (On-site),,,"compliance,regulatory",indeed,https://www.indeed.com/rc/clk?jk=11c13857063d098c&bb=Cq3oHBv2xvFGM6E3HvbMYe5lf1SoeOERTBCY_LK4zC9XCGXZxqmAgyEqTTfKy4w9g-dISMxzD4u_AuxFE6TSxK6D27suc2c5BuKli9b1qFF2JcnJ9FuVMlfMjP7sVZd3XRehVs8QUJzVHTZvcU5vhw%3D%3D&xkcb=SoAH67M3sfukauSwBZ0BbzkdCdPP&fccid=625c91e8951f9395&vjs=3
,,"Specialist III, Regulatory",,,regulatory,indeed,https://www.indeed.com/rc/clk?jk=88a9fabadd40ba5b&bb=Cq3oHBv2xvFGM6E3HvbMYcESwvUBLbc1piFQIxT8JcplpjIj0b1zzhda2ogw-kkiSBf7I9B_syoZdxwSqw3CBbulzRIv1qoM8Vgjs71dKMks7w8ZrC5xNcnwS1_CyLwOKdR8QW4UezCDGu4ABXbrlA%3D%3D&xkcb=SoCz67M3sfukauSwBZ0AbzkdCdPP&fccid=1144c2d938155149&vjs=3
,,(2026 Bachelor's/Master's graduates) Management Advisory Analyst/Associate (Energy),,,energy,indeed,https://www.indeed.com/rc/clk?jk=28104bf096add688&bb=Cq3oHBv2xvFGM6E3HvbMYYBs22juts-wySDkEqcP1TbvTThHPUwItBLPLoEZwRR-IR2-JjlN6aUzgPzaPyBWBodjqpkOrXXrTxL_1KpjrIPsnbr0sWrEhhK6VPjow55Yq-Ky1Lomqxi6iEg4f5TC6Q%3D%3D&xkcb=SoA967M3sfukauSwBZ0HbzkdCdPP&fccid=27ea6c97edc2783a&vjs=3
,,Midstream Regulatory and Compliance Specialist,,,"compliance,regulatory",indeed,https://www.indeed.com/rc/clk?jk=3ac0977d914df412&bb=Cq3oHBv2xvFGM6E3HvbMYQLItEIPU6rEo8M7F5S0fdo5gvtKQLf0xVO1kNrSO8u8C6tcV1iGMqRGLeLkN2ZSIox694gvZd2Ke1IaqTWpgCWvvrhu9G_cv_ujCQpw_cJ020vCbrih6Qxmn-zu67hQug%3D%3D&xkcb=SoCJ67M3sfukauSwBZ0GbzkdCdPP&fccid=c261accd951419f1&vjs=3
,,Energy Analyst,,,energy,indeed,https://www.indeed.com/rc/clk?jk=89e6be4324ca402f&bb=Cq3oHBv2xvFGM6E3HvbMYWJTU1Smyv01BYyryYXoUlJ2uWn_10ihivAVz7FZk3qCCoI376rrBAI8UtJ8CUmhZp39piDRGF3tnNdedyNiOLe7EBiCnpedDKzy_hQGy8pDTNdghv96xzPW3VHQCY6VBw%3D%3D&xkcb=SoAU67M3sfukauSwBZ0FbzkdCdPP&fccid=a9aee28181eb4b72&vjs=3
,,"Associate Director, AI & Data, Energy Providers",,,energy,indeed,https://www.indeed.com/pagead/clk?mo=r&ad=-6NYlbfkN0DOpfXD7aCvxSiR73RUZjyy6OuclKM9Xpb799vH3iY_yHxhc6S_athg-cKmGsWbKlDEiNfFYiedca0OzuR42ZZGEtC0GITyYfy_-f7ABXuZ-0_aywLxmDMwl0qXOlDyhxXjJ68lf8viwZ9MYi4Hb6mj71JFI3Oe3Ilh-SJAuq8raHiosKJncRw_gnW0GngKI_UdMT1R6eFIpXprmSxgbIxWt-ASSPenb-YSNqlzgXgDRzkPmxHA08JyugtYIBrMgdPUK-d3R3JfDerEvTqx4RMtPfguCVpz1gbaHKdFm9SySu2uQbYlkqNPlEAPjzd0aPWkZ4kevo_59Tu2Ws4Mw7zM6W4TVTpXItOr3jQeFtY2k7w4IeiCTOgUqu_udRMObnwwN1GWWAcDZTf2r8QRjBm6CewpIGUbwBq2FCn_KAF9oL-g0Yk7aDIG7YjeTHv_4OuNNikcnyTF3VuYfAkbqbvLIPxjNMblH9wklFXe86Ucti-cCsRb2Z_OC8uGL6K8kYgBPL12NJwbUoREPGtT8JH_TJDWl6bgWzhYCQJ9Et1oTnpz0Mgln6UG28jnuPLfaH9PGMPr3VaujU3LuNbsBGJMXmibBl5zopI_A-Z-0ZVq6spD2xoHjLs5KwYIapP6O-u_HC_gnXIXTPELtcsMmNJ8bVVQ-Sz5fe56dLfXFiUsRTbm1HAhOYQTdGqZMyKOfWlyG7CTGVvLJhuFcZQFL37BF_YRSSDpWjsAlXIGxuUOvuQT-tpM1poVnVby3L86VdLzolfvHDyPxThYeftgFpfYLcCHdUJKmZdVUqqY1oRHApUCCn-NmM16rsDpe8N0XlE=&xkcb=SoC36_M3sfujibyUUx0ObzkdCdPP&camk=nUmJqO2E8ri7vbcNEfHAVA==&p=5&fvj=0&vjs=3
,,Director Energy Operations - Generation,,,energy,indeed,https://www.indeed.com/pagead/clk?mo=r&ad=-6NYlbfkN0DET-nzucCLL04WZqo8pirWE0DE-TGOwkLVnkJgZPUD-ji9wRs2sue4u_Rv7kE9jZCJgkPBl5kO0mv-BINdDZFrMXMIAp6LhQPuIcHqlvL3d95AOHUTuSMOX3lqqAFwRmrnMiPZ3QUCsnie0JsB0IOIMhS4d-AgVimnqc-AjFamZTTRCTrL8htagXywUcEdPusQfzxXEEgVJjioBvrTvT61F-HlaXEgxcq6KrfRSmm5SRxpesrJS2X6muUV_kmeHVktvbbYtX-22cuIleG_Q9jd4-sep1WXeQOikz_lmC5o5OFfCNwETFTxkf2SfT_Bf3hpMbnrOMqCd4_K_fCrHazSp5FD1-yvQZxGWBq_7g-sb8BMffOaCKi7mXln1E-yzv1xlm3r2KbozghZsdxsAfV-VHgp2Fqlk4THTBlOyowADFk-dlsMIYrhPwbPQgsDrJFdWNOtyPvyK7pK5wcrdcMvlG1HIDVzmcLp7k8TYuw3GRVfZ4J241Shet24vaah9ICzt2Fh8y0A0BBouj4MKVwz0rkt-LaWEbFdboo8BlbZj7XYtwbXpkUu_Z0bxjP-DC4b917byJMs54eTG4ubgiEDGenLdiLxVqO8C56ect11_l-k0fe0WMFowLNOltcPsP5uz2b5ON5i2e9YaL3nuJVhYGlW7ePWq7qySfM3-0SWK3jct4XpNLe8HmnlX8UVL13wTCXsbFYfaTMBT0abg7ft&xkcb=SoDq6_M3sfujibyUUx0AbzkdCdPP&camk=UoKtGZLa3XK5Maj96Pby7w==&p=11&fvj=0&vjs=3
,,"Senior Manager, Energy Markets & Regulatory Policy, NA",,,"energy,regulatory",indeed,https://www.indeed.com/rc/clk?jk=1c3515e0faccd3cb&bb=dOieAQDEEjr0Jl5qNsiCbSCYwxBHrvNJ2AOpk6hy7wspkgwYZeeiZN15oPfEvgD4HRulUi-48c0Z7kLmln5h4-VLQHZMgVZoT5Rkl-QshK_NfkJKv6MRdKom1eTNEFBUX1X1rG2rIO3SrvnOBj5Ocg%3D%3D&xkcb=SoBp67M3sfui0ASEI50KbzkdCdPP&fccid=b3ab58850909672a&vjs=3
,,"Managing Policy Advisor, Megapack Energy Policy",,,energy,indeed,https://www.indeed.com/rc/clk?jk=d74e6007d67909e4&bb=dOieAQDEEjr0Jl5qNsiCbV6Pf027qitFphpoQ-b6kIbocbzLII6Y_G6sBhzRPPunefu_R8lDExF0_SuZod5C2rBTebv9LnQ9vXa3-_o3zY7Mm5JWp2A6bWOABomWPllokMNA3rQrdS-Afepa4KN2aw%3D%3D&xkcb=SoD067M3sfui0ASEI50JbzkdCdPP&fccid=86e9be6ce380173e&vjs=3
,,Vice President â€“ Air and Water Regulatory Compliance,,,"compliance,regulatory",indeed,https://www.indeed.com/pagead/clk?mo=r&ad=-6NYlbfkN0Db7RfyptOWhR_E8c6YviqKU-tBl2hVyNuiga2kdHa7_1O81opggq6uQo3TeQuvJYu6t8iTA1zZb7ea0owVJS4TEQGKP1bteijOwSpP8P06wDcex_1LLbZZPxB-_wLZP58m4ayEIqqZKDiHEpIrMXj6GrUN5pjpwknlwKsGThxmJ59JSALlZ6NYXg1d-tbaF1KcuhniuohXjLJCwRJ1B3xRoUzWMyqmitBBE16I5h3Go6wYS4A0CL-UNgYGMGEbOoxYSbHzvR_v2CT-w1_nISoKDZ-LeJLvVv3VUuuXWiNpQWBpSzAdehBkQsZAYYRbRN6SDkrmPQdfEKTM9yKLLFOx8YjNBvvw1geR0PFpLOatQKNTLEr1dn6by0VjG_szpnPrLyE4woSOwcT4ymkbM_7w7kUOcijprul2pwgEQ-IAlyWGzpegAGaDRimzeokk-QPnonFPxIdGDh5bcOjhe_xf1q46yMA4HREWJtUM9R4gmIhtxWN0MeKrJeBhYBahySVWq1M5v-bZ0iTPpqdgK_8fRByaGohEX5V_Rr_F3AGqeeU4ohkubeYkhGpFxK9-UgSrDt2qmaStWuWOvuz6d6cnjFa6BuL8OSN2eK0ObQbgLRXRbnvzHG0Qa7b2TVMVs5jdEnqq4L7FVjPKaht4w-umRbdJlTkKH-s7mnyO4DbcUGt4SFFai_Vi9mlO_acFqbg=&xkcb=SoCn6_M3sfui0ASEI50MbzkdCdPP&camk=UoKtGZLa3XJTPLmJJQ40Kw==&p=7&fvj=0&vjs=3
,,Trade Compliance Coordinator,,,compliance,indeed,https://www.indeed.com/pagead/clk?mo=r&ad=-6NYlbfkN0Ar79s_dnoRfIpy-_arABX7vt7Buo0_BVkGup0rObNiooACAJXieGnUJED4BL1STFpBa1uXWXGr3iSBb1ivFuB-_tmPgYqw-Zk8Aqr-1GS8MHpNXHS1E1zRkueLbnnIIU0EN8cQAP4aRm4vrJHKvndxipMym1nXKAHwGcFaqrcHXc8pfvn0TySIQ19a3ZB27mMOksYWE7B27Wk5ZYbvpCJ3yvBYvt807mHJPtDMJtB1bYZOgmqQ423dhTdAY8Tr9cuO3giVAGudxm7udeIh-7riyCyF92ibgHAlSoEiADtAugE8RRkhjUyfHLcqe7haS0aRF44zrod8lYkLI-ZKWWjaqiNLN-SyaPEC0_qaFEb5ybz48Yv1GwYPb82AQ2FwgjYe0WaYx6wt1u03U1YMlJTvqISzQSWAxfnUUJGVihdcJ78Bm12aFZ4cAIlE0LPO4Mv-xKfI7RizoPKrCCIC3XY3VXbtlAobKaIMrYT6CNZ710ehWpuSKgKkNvW6SL0fcHiSkB2Fnw_-7atjS191pacVdEPOSJRCEsruCSjC40-2oAyROzVuzl9qfuli5xtnpyTLiE5k7eYKAcxVjhp_DnuEV_EHva7a59i_OgEHjNQpTUGCtn5NODm8fR7bhJMCqlKHPimMfCL6dRYK5hzTHSQ9JoXvTmYLZYf_k--Ebz0gEUxROYGf-LHAUSb2S9B4ZoxHLcs9WF3X-anEMZUJP82owOgc0vb4sxCL3Vl_MWUP5KY2D_5KGu3yGYI8jn9M5-isDRfvyVUMSll_6rjbBciJc3zKUXpXhnrMkXWDRjjV2oCWD6XsVs5BEJS7PM1jI5S8rc7fcXh2sTY2-M5NoLoczsVMP7tJg-fJg4RgJSW5yjX4iJ2MFaYpVgN6IHWXorg=&xkcb=SoBd6_M3sfui0ASEI50HbzkdCdPP&camk=nUmJqO2E8ri3fyYS1Cr4Zw==&p=12&fvj=0&vjs=3
,,Utility Coordinator,,,utility,indeed,https://www.indeed.com/pagead/clk?mo=r&ad=-6NYlbfkN0ARQ21UJrEE2RosDquRerhh-MrqJPO1ImuoqsQ2rfjoV5gDZI3cMop9dToGr69qBspEHOXYR02x8Eox5SmROP_edz6eGetbUGQX0OVUACFNryvJEgXXEMU8qVZj0WcYNocL6qQJg38OZui9PWZrlC1nNQefgohgutkAXm1V89g9xnc-NAzFFwSAZ1RiJszh0UrmkdPhiqve5jYaCaAQV4paBUS054_Yoo93UWd9FD3VtY1mvClqJpFNxJfRuQGeHJqSelHIuIXzDPmn7vbRPHulZnUKfJJW2MP5suqcBKUnRcAaTLTbWT1JYhc5jaKJzcKM782RhQCX_MJxtzCKxABvClVMoO9P58js_pKEcvJ1sPhaEQhRYJNWihwJlLM9pShl16ztDocdq-wEPcLLRb-0cfsnGD1sUT5bYIV4t6xeaXolT27AUjpEGxujP6H0LBYjgOGUGjM_5g3iDoK9rW2QDgtoxQBWf032B7udUPCVcu_rtpiWhxNS8AcbUZue_-8ZpXraNEeEX6X0H6Y0bYEMYETtrDQloA0W4A_egZq5YVAaQJQtAwxsdg5hxNKnuKtDSCeW8SY4LPoiTe9PsXN6eB_-tLl-wNQFsGLTp5XNvidejuNIb7uVFbFJBnTq4DAmqbeYnAuxeiT6nrtcEwinafbF4eTKNyA=&xkcb=SoAF6_M3sfuiTLSUaJ0LbzkdCdPP&camk=nUmJqO2E8rjov86ivPSWwg==&p=0&fvj=0&vjs=3
,,3rd Party/ Utility Coordinator,,,utility,indeed,https://www.indeed.com/pagead/clk?mo=r&ad=-6NYlbfkN0ArHvFv2tZqm57vfwYZS8lgCBEREGoz0Wl0-bk9lMAIcybQBxyCXNjBv8V-UPCjmNtOrNfZDIHbqeR2Og9B8UsHAif79WDGSXuLJSQoZoW-qmLMxWWx40jErdA9p_jhQXHFJhgsG4c9S50RraefLAJG9UY1gEuB7Wwqvj7aEspIwjmdOLJp4vjt9whKBzMq2YYOog-NqMIlRqAPNQeZCiOwDPoWaGh62nvRFJIu_eiT21ERBOVdNi95166m7JqUyDzLEbGjCLHnByXBxoLzzpeXk98q_b_Ea5LsVIxQvuPUsdcwRBLDJhmtxD_ZDW5Cm9PLeljYQCAQzze3_mAoswLjHrJc5cwz-ejBtVIZvI7PWPXgATudtaiC8nQBO91UWQvHm3CB-_vnxwJthLVExtTDJ_Mi6WJ7ABncLaW_Y6Ll18c4Jr0-9Mmkdt-f36T8Vq8b3U9znOyIqfFF7b2pvLgQEnY16TK0FOTpZ3EM2m1Yjzi5kQLRAlpH7KtyB3xnEWPzLY68NIi1ba6QM5SIP8NX6SVJWgwpssPgiDp7c90Oecq8A5PiFENAuyRN5FR3YjXj-hVdNz0ffSjKU7k8GcBenoSj_5Fzsd6gf497ObiT08dQ2UMLVajynlwby4SxsywXUxXbLKjMJHJ2KD-tPYKt-WrnT4PNC9L_KsoDl91nnw==&xkcb=SoCx6_M3sfuiTLSUaJ0KbzkdCdPP&camk=UoKtGZLa3XImey0zLdU5pg==&p=1&fvj=0&vjs=3
,,Senior Environmental Compliance Manager,,,compliance,indeed,https://www.indeed.com/pagead/clk?mo=r&ad=-6NYlbfkN0CChTSN4d50u5qN-BXcTLBZiSjD9WqntzHcfQP719PuLSTWhVmcLoQ7XRWn40eNF5rbgZ7p8b3FxH3qKA2SzO3NHFGWNCFBE9IWdsBCZ8UCbvsZJ6MBlKLBnU4yBqhs6-jWHZVKG36RkGBgB2cL-aQfY6lqtf_t2X8zLuKdiaAnMYUwQ-seHtQfB6QPNPY-37Seb5XcBL7LfhLtG-ge2GMIWzWBuhHoO7wBgi5IcWXUsLhGrhIxM-vbON6X5JKCjZ4MX0wKpH3rv6asNcR09XoWNEHdq7OMy_5piu3VtGCVxtWLYdfLLdekUZCESH84k7WHe-1O0gWS2SqEf2dhMWY3FwNB-q8UZhCVkvB-fzaZRkugoqu82wns6S4dFF3V5N0yZSn8kEcrYPan7bPuCjMN06WbxdZksNb48-4o6WeCx7lW_wGWhdXrTbbO-VtHR6fa3oiQYAnEbyyeIlbm35puoB_N4OHxhhmOZCoMTn5qijeaR0Ta2SqZ-ziTAeV0FTOi503mkSmQBdKPcQpDSkeQIlrf_ZNKRKuxT35Ix1_GZYKU07x3Eamju6at290oZkAtSVZlkMpuSD6RTUW42NuWhXETty1OEQAS6dm_baAkuB0czh8_2a6JmZluEXQi4RF7wUCRG_suOlN9xn-3d3dgT8nKPOTKxps=&xkcb=SoAs6_M3sfuiTLSUaJ0JbzkdCdPP&camk=ethIe0s0hee16hOd12VDxg==&p=2&fvj=0&vjs=3
,,Operator Qualification (OQ) Compliance Manager,,,compliance,indeed,https://www.indeed.com/pagead/clk?mo=r&ad=-6NYlbfkN0CE5Rj0hG43sJMxw7rasVOhgoEKGVs6IkKzXFgpn1_sxlbSJnfGwl9tqQByrJ61JrM9FTQ-ZX_s70ln8AXZVuocdQalnnVvxjDqULxvgoQSeXn94SqrYSct1Yd_pbsbrG4T2nidmDCRQQBuqhJ_5rlpkJuAUvPuLGfQ7tg6WxdA_LmPyy-Q7IboMYg39gS2rELFfGc9T5vZ0Ud7xga6g4z3EYSrNSYh-PXGCDdel-zJcVQPo42d8tgHyNxY8Y1nTMBWPnQ-oVB7MdByv1UvsQ3p8-S-Phs0irPLqXXPt9lFMH3pVE1Z-IG5fRayjMqrhs2K_M3JTQtkQdsQ18Xh1UdJmEJ5ucB-w-RUNVqocq4PNegdRNV9uEEUrhUJi86R7wKL1fI9akoleQXhFDePJm3-wZL96oOYqbtv6BiTnVj3Okwc6kdAuys8ezl4_pexIadIbT2LUAXg6Lx19bxRhg9b1yBZccgkcecDulenNwiZGXdq7Pr9SmE3wdY9mLoARfpa4oFyIZKQKnc-BxERXmCp4kZ-mnYjKQncb9892fs9VBKcA_Svw2OOOjTGs4pdXPpZNZum3FHy827L4fWoEQ-sT0SBsNLMpDxTlONzt40ADXxPfM3m50E8b3i7q_TnXQeg3zfwrVXXc5NUjTADmo2T6-A1vdwVp7rRxUeeEFYCga8ijpru2XjiqgaYplt4ya7a9e3R17WQ6uRSqzR2RPE339a2kYIdlim4XC5w85DG1C_WMqwclLbY916CY-3TJ0sKw-udqhbBBVhdct6rjA9NWcfB6XVoyCeq-pXiICNkIQ==&xkcb=SoCY6_M3sfuiTLSUaJ0IbzkdCdPP&camk=4HOcmqOLYrBIepP89Y1M5g==&p=3&fvj=0&vjs=3
,,Senior Utility Management Consultant,,,utility,indeed,https://www.indeed.com/pagead/clk?mo=r&ad=-6NYlbfkN0DZjLkJPXHwZWFP3P2zyhwb_I2h64J7YZnA8sR2cGv-kSG4dKjkTlJbwV8nYPtgec3izPB6klIIojraq1p26tH92l8Jp0HV7h802OdaY563BLRdSnhiVYPxIW5lZxxdXNwE7XBcBclMOMwl4XtqaHYYsyjwSIUXW9rs0GjiZFfY_MMV57F7yoRWXr2KGmDEX-pHtYUo4Iehq0lgtHatvuCLrBbVlKi3MqK2a9yZtTrDEE1LlrQ08NbsxCjQQ3JleRWu-Abe0Qgr4FLx-HOBuj98izW0M7A0Q0etQgQrBzXFIwDPe2qp3VBBRcmMNbNz3QYNFFDTKBz-t6Or0YOo4xadisTo46Bn7sQ1TZftziiDFbv0aPc46aPn1JjLYg52811fHg3IMVp-3BwzFvC7Mwm2r8e8CH5lyw21KYG_IibyKQ6W9S9pHDoVchbuDQ-pbM6iMIQ50iEpNEpBnhEL9RmUj1e-rpjdCoPntSCt6byHJ-2yANOzUGx1c53aK93JLEIFy6q_0skkYRKrO3kMMEAcy1kRUSYAMmuvFoZSFc_HbwESk7uM4XohCQwt_tvvF79btukNBtj8gnqcUxT-Z6wAbQQ90lmY9cc39DhJHnyWA8uhAhyuZp7y4ZO-IcxSOlN9wPNmAqyiFTKuh02wK7l0d3q_zqgxNXrR-8I-i3iM6zS2ODomwOkJjlX0y-F_xK4=&xkcb=SoCL6_M3sfuiTLSUaJ0MbzkdCdPP&camk=ethIe0s0hefIyACgDf5Pqg==&p=7&fvj=0&vjs=3
,,Procurement Compliance Specialist,,,compliance,indeed,https://www.indeed.com/pagead/clk?mo=r&ad=-6NYlbfkN0C6CpsHAFQA1hBQiZxM2uBEJAq5VjsrhvRWpJq8RCaloaE94BwxnnhdaICdybRpmTwBj3l5joal1i0bcNzu49el1vonKA3J-pBq91m9VIbV2oXpm_BIngmd_MAwj9S6WnL7UviQ6IDI_706M4QqFr5pEJgdX1IvMV2dnaeHqCE5gp-bGE065VGwZcf7qI2S39EWII9npwTjqPgE40MCgMIiUSVP_Z4IIluetGI3s9_cRKdU6-ADUZ5B0ZpgCeISo0iukUl3WT3qo26Vlf1QdjT5IJtSPcxD-pXrvyWbO0WiuoQT7v_zOWLKpnNiSgSNg7b_aqRmW-xh2We31yS1alhsWOE4Jcdi8T7oOBoZwbvFIRoxaRPJQ6EoloOHFqdGDUu07KcnnQzj5MWAjX5xsx2KD29pNDPs5cZZigFsK3DDnTtWWoxnB8DlGsID_33aZItAlLkcFpe7J9uTTdnQg6vjXbdJy9r9HW35549tescKYUsjE5NpiXqpI2zSPF2CV5iMrpbcXSo076suVBQuFwnxcrpI3UROSURO4M8BKNpi8Zr_ZuS6yxV2Zf9nZZ1jJcXySO1MIBhKBG6dQc0lUxSrjh0dQnaKl-E06jckjq5in_cL9a6XfG6V6g3U3WbuKBEVaxynlYawZa6j98CFvFuau77yrJAHzzQVhelT4_Bcsrvgz6zcyaBnQ4B2YvAdyKUE0s5pe1z_6X0gGdOgKTAPPZ9bDFOWdItjPbjR9mKgaTExbCPyChjfBnfTUrVpFiq8XP9hJ90n3IVT4hRI16SUg6m1H1hQ8XpYC46r4njqd-YqZFPMvRxOvbZgpP63Ke2S9AtXqjPO3A7wYWe3gQnMJu5NTNDE6q9rvtBJuY1cBtH3f7nFI7u6oZOmh6CPbgmBWkJNu0yKXcGLa5aSh1ZG&xkcb=SoBi6_M3sfuiTLSUaJ0DbzkdCdPP&camk=ethIe0s0hedFIXR3uFCZIA==&p=8&fvj=0&vjs=3
,,Utility Supervisor,,,utility,indeed,https://www.indeed.com/pagead/clk?mo=r&ad=-6NYlbfkN0DKuDSZaJ0zGcaRyKOhrVDTMG5cXzLoP8XzHsMXSZR55A_IaHLuMyrtgFnoMijhjHY7Fpn4TC4GiuIFk_d_fuvVHKJpBWjCZ3uxcJ0CSo2_f8yILlrt_6JQJMdS5lw5iG7l1iNpqWoMqd7cW0VgrHk_TpbqHhNpviQSf6q1RweJO4ygz6VnbCByUvBGxoaY6hldaT_dnbRi9_-voLRdEgAcDQ2NFf8CDYiQfgVZD9-V0tWTydywmTmUDrdbr_BVGO_wdkaLI25HFjlDjTU-kvaD6w3TnaPdOIccv4ynPM0xAOK3v7kvPx_KGckPvOIm9f0KFnu8DCrRqyoXXA44VwZyB6tIKpGp-gqnjA14dqmxw2czCTX66Vr5gyxjdld4qIkpaKYHXF9kzr6ZZqKdcQIkLVM2yQEJEQY2XWJvXr_AA-ZkUM_gqorHmLMVtWZ3G_VnLFw9K_42V6KFUG7Yei07gNJWyNGyjuqZKGHwk8ALEc-OfmILHgFjNIE4sroGZNQMycdFIs9jKf2vs4QpQp9a3UpNnEgVi3sgFUCCebHbJ1Xzt56eRBnI4w4pjR1Owh38AnqDsiZIRh1vygl-7vkXdQfpLjK2HUiEKp_U99diOFewxBD78KGUg11gWHwAZXw_E3zRRii2lhSXo3OnIfJUXEcb5uF83XK3tw1HG9rWpASlI6_0MtU9eso5d65tdMHf3b5nAoL7sTRWZmPJQBmDu2g0MRpLnR1-ZhXPqmNB50u7jQkMhIFgLJlCMYZo7cQ=&xkcb=SoDW6_M3sfuiTLSUaJ0CbzkdCdPP&camk=ethIe0s0heepPUpRFwV-ow==&p=9&fvj=0&vjs=3
,,"Director, Transmission Regulatory",,,"regulatory,transmission",indeed,https://www.indeed.com/rc/clk?jk=d868bd336237c802&bb=CHWfbfLlrJo6bPOJFnfJCMk1by2oHZ6pqatr8-c3Fr0tke0xgDsoeQVFdNdFXvAKx2zSjQLtLfiA52MQZ-_9aH-aaKMRjpeWIn4BzFo0mihugSYb904YdWdnaerMcqha7C_YTU-00jaDRZfbZdCTmg%3D%3D&xkcb=SoAL67M3sfuiTLSUaJ0AbzkdCdPP&fccid=1067c9d4ff69102b&vjs=3
,,Interconnection & Utility Services Specialist,,,utility,indeed,https://www.indeed.com/rc/clk?jk=c53dc65cf870e6aa&bb=CHWfbfLlrJo6bPOJFnfJCHtSsdLWmgZeYc-NxER-izJoy9AQP-ZmhC4qTBzejnditPFAlHvE5yhr7jAe3z4lWOTFcLbSOesI9oZM6vfJ7DpZPeeyqlERthFseOv16KvDrSq70GTlHC1nz0DwM71oJw%3D%3D&xkcb=SoAx67M3sfuiTLSUaJ0GbzkdCdPP&fccid=62d731c3b6493188&vjs=3
,,Compliance Specialist - Affordable Housing,,,compliance,indeed,https://www.indeed.com/rc/clk?jk=94784e9ead4e497a&bb=CHWfbfLlrJo6bPOJFnfJCLRaM2fbvCEPVi8AzxoEbUtHdMtd1hmjg0g988bosWav3NYhcIOWlzj2QaBxLQGfNrwyPnwx9jE6gXWrl6ZrHnWcsc28ZKYZ7tsDkUNrUxe3xe-A642GlxWEfAi1VvcBcQ%3D%3D&xkcb=SoCs67M3sfuiTLSUaJ0FbzkdCdPP&fccid=6c83d44604336e77&vjs=3
,,Director of Regulatory Services,,,regulatory,indeed,https://www.indeed.com/rc/clk?jk=aae28bc98e66676c&bb=zc0mB6SZqU-_4ZIGLUJEk4QZMf0TwNfhCJgtPPlTM4nt0XPSu286sQdg-6UOvLGLwXm7_Jpcf2Hw6pSvQcg43zhMIo0HLDdFChFmJSn0NGfPvgoCvWrn4AmP2luyNar_dL03Xg16kdR4bR9vSFQ9Tg%3D%3D&xkcb=SoC467M3sfuh9lS-zh0LbzkdCdPP&fccid=ad61e96bd50a69b9&vjs=3
,,Regulatory Compliance Project Manager - Earth Systems,,,"compliance,regulatory",indeed,https://www.indeed.com/rc/clk?jk=27652c156c4b56bb&bb=zc0mB6SZqU-_4ZIGLUJEk848wuKvkd1OvJV_dvOqWbnAkDl3XZxCu67Bx4z7lecUUXwkusj6kGdoZ3X8yggtrWEERjW1UQVuMnOHeD9a5VvR9dG9GPATY-IPFw40mdG57ca_zAKTm8sqvhHtlcrLCA%3D%3D&xkcb=SoAM67M3sfuh9lS-zh0KbzkdCdPP&fccid=c907cf63ef515e19&vjs=3
,,Environmental Compliance Specialist,,,compliance,indeed,https://www.indeed.com/rc/clk?jk=ad4468a2c6ace2de&bb=zc0mB6SZqU-_4ZIGLUJEk4yzTpieB4k5dzKcb4dCbntPvaXWp0RNN2L6G0Vwkfb6l8ber4ikOY0dmeqEtYtP_r5oAsrnif2tvdR6nQ33gzWfWkPynHgj32VnsV2-MyEq4yRbgFNiMNo9iCpvvxWhuA%3D%3D&xkcb=SoCR67M3sfuh9lS-zh0JbzkdCdPP&fccid=ae44b41981e150eb&cmp=Contract-Safety-Professionals%2C-LLC.&ti=Environmental+Compliance+Specialist&vjs=3
,,Field Service Compliance Manager,,,compliance,indeed,https://www.indeed.com/rc/clk?jk=57612847f0c5a0e6&bb=zc0mB6SZqU-_4ZIGLUJEkzbhrzLuqMbzCRCrqj_xVYY29LXUNgzU8Lmgt-R1sc61mW3xDyNhDAOQhdvpE8RD2tm4xcdIjXl_oVWNzT1d8Yz-D39ftYoQhIwWiKKUTrGUdCzr9B9RQ7f2sQ7DPcNWtA%3D%3D&xkcb=SoAl67M3sfuh9lS-zh0IbzkdCdPP&fccid=b5328a8c35b16263&vjs=3
,,"Supervisor, Regulatory Assurance/ Records",,,regulatory,indeed,https://www.indeed.com/rc/clk?jk=b2228085b2361345&bb=zc0mB6SZqU-_4ZIGLUJEk2rtW7OsmGavOKiW_1WQy5wa6VaJDxIeoLVyDrTW7oXRwXS06cK3U0T3r3g0c8-qTu_SqurJEsjwPu3IB5mnNuTAzCACG5pLr6n--McxsWSqhAvMfJmS3s5GwUTi1Iio2Q%3D%3D&xkcb=SoAf67M3sfuh9lS-zh0ObzkdCdPP&fccid=4a98730af9846b67&vjs=3
,,CORPORATE PLANNING & ENERGY ANALYST,,,energy,indeed,https://www.indeed.com/rc/clk?jk=4a9a95ed87e886b5&bb=zc0mB6SZqU-_4ZIGLUJEk9XmO_3yGgSINgQDCMQ9EotMO8jRY6nZP6h0lmqgnPDjq-7jfLeJj2xry--ojF-5RQ8e8kavrpN4p-cEOv3HYPhCNu2yMd4AyyraBa7p5roOWCkSicEgVn1NqQkz_MDfsg%3D%3D&xkcb=SoCC67M3sfuh9lS-zh0NbzkdCdPP&fccid=71bcebd19fe7fb43&vjs=3
,,Principal Environmental Compliance Consultant,,,compliance,indeed,https://www.indeed.com/rc/clk?jk=1bf41fbe30adc9a0&bb=zc0mB6SZqU-_4ZIGLUJEk7Jbwh1fKd8nArn-Td153sBX91X6Wz7CQWJ0nI3zhYiU2bUH-aL0b4bDWvS19hM6XOpHaRedCurQlmMHcih6ZELG58Nr6BZtPBka07gbampydpDLg8bTX23qW4IIOvDbTQ%3D%3D&xkcb=SoA267M3sfuh9lS-zh0MbzkdCdPP&fccid=04fd3a9699a1b53e&vjs=3
,,Compliance Specialist,,,compliance,indeed,https://www.indeed.com/rc/clk?jk=d68eaf69e2a0ae96&bb=zc0mB6SZqU-_4ZIGLUJEk2rtW7OsmGav8GkI2y6bWw_zobb-U7ZC-lPL3fxloHS6ACLfpDGNvdPW9u35t4IiCbl0UnUCoLxu5vLIQkreZ7rMTaUtgDA2ITMEdrs19-zIUYOReFCu8hLfY8MXe55Fvg%3D%3D&xkcb=SoBr67M3sfuh9lS-zh0CbzkdCdPP&fccid=fad6b1c28f980d80&vjs=3
,,Compliance Supervisor,,,compliance,indeed,https://www.indeed.com/rc/clk?jk=52949c706825679e&bb=zc0mB6SZqU-_4ZIGLUJEk5YOdasQ8S3Uf3XGtDQbf7vYik9f9dTWbXa5zi04F8YnM1p44HUYm1sznY3WZ30aBOLUOo8g1qoXcJZxXxF4my5j8OI-3dhecV0wR47sNMxkB4d9XAKNFmKg8kgSE3-k5Q%3D%3D&xkcb=SoD267M3sfuh9lS-zh0BbzkdCdPP&fccid=558c6c426b236508&vjs=3
,,"Sr. Engineer, Regulatory Compliance",,,"compliance,regulatory",indeed,https://www.indeed.com/rc/clk?jk=38911c98030c0ba2&bb=zc0mB6SZqU-_4ZIGLUJEkz2rl44ytntyOmIlWw2U0aOW--f3-syG9LkvYojyba68hwibCcilmpJG_SrfRnXLltswl9N1MW5Cluo8OsdZX94DfR0h3hJqyYUOPPB_nTZXNm5PMTN_NbOnFjwQkh7vhA%3D%3D&xkcb=SoBC67M3sfuh9lS-zh0AbzkdCdPP&fccid=2ba040e98c0f7944&vjs=3
,,RRC Field Compliance Manager,,,compliance,indeed,https://www.indeed.com/rc/clk?jk=031ea6495f7a8626&bb=zc0mB6SZqU-_4ZIGLUJEk9Ib-31HttfJsbNg0V3XbcieUOPx2MIvXRNuWJXO_7Igdwi8FacKGNmVUIgpMTTV_9t_BjILfkj7KmrrPTbW9lCfrV9OoDZHV4pb1xdgtbwZM0ifXranidel_4Rwwq2DXQ%3D%3D&xkcb=SoB467M3sfuh9lS-zh0GbzkdCdPP&fccid=dd616958bd9ddc12&vjs=3
,,NERC Compliance Specialist,,,compliance,indeed,https://www.indeed.com/rc/clk?jk=411c2036dba3fd32&bb=bzbWkMwAvhHV2vG2gRg8fygqYpQ0UpfHHjbP_rDBzlt0Mp6tq2IDxZ-NZtAUKctxw1cLZsP9y71zBYBrKWczgFBa-YUSKVVFfo9qlaUxlnLs9VQYYUBvWdcdsD_7LuVRAtVPEH6hlyVFY5IlFOLj0w%3D%3D&xkcb=SoBa67M3sfuhO5y-zh0JbzkdCdPP&fccid=d4e0413fc14a0a13&vjs=3
,,Assoc Dir-EHS Strategy and Compliance,,,compliance,indeed,https://www.indeed.com/rc/clk?jk=223e772b5172d9f7&bb=bzbWkMwAvhHV2vG2gRg8f-LR6nVT2GQiCQ8hYNya-jDCujR4vfnN6KS7Zltt6iH_E6zogwmCCz4-cVCx4cbCOPMJpSXb2QJ-K5RjulsLTO7mZbQu2t08qxEa0joWz3xLfcWBdpHp300hHk5yRVDnVQ%3D%3D&xkcb=SoDu67M3sfuhO5y-zh0IbzkdCdPP&fccid=f7029f63fe5c906e&vjs=3
,,"Facility Utility Engineer- Life Sciences/ Pharmaceutical onsite in Indianapolis, IN",,,utility,indeed,https://www.indeed.com/rc/clk?jk=dcc66174ed3f2384&bb=bzbWkMwAvhHV2vG2gRg8f3gTKGi5rdzY4uVc5GiyitMdOHS_wBr7GOipEL8Jme36YeuI-GvNltSkhR_zvipO3QoYtX_dgkUNmucpzhTAe7h-qNJdNHJZV1dfNWqKj3GQgDMPa6aZyjCbv4SqI2XWpg%3D%3D&xkcb=SoBg67M3sfuhO5y-zh0PbzkdCdPP&fccid=c9b9e477b3c84b4d&vjs=3
,,Utility Asset Manager - Public Utilities,,,utility,indeed,https://www.indeed.com/rc/clk?jk=6634c3af8be47b16&bb=bzbWkMwAvhHV2vG2gRg8f93cDe05kLOCBvUbgfodhkAdGejOfcvIdSm7xFYpO-XFMjw3BwPz-82_DXyNSvikmdJxWoldWGKOHZ8EB03PCuMwEQVRpv4UO6PXuA_RjaS0AZtfYrolfxCHHfyqhFfZtQ%3D%3D&xkcb=SoDU67M3sfuhO5y-zh0ObzkdCdPP&fccid=d57cf6bcfcdfca9b&vjs=3
,,Utility Operator,,,utility,indeed,https://www.indeed.com/pagead/clk?mo=r&ad=-6NYlbfkN0CpuLsBsYWfLeyOvUzVkOz4r1K9jiYgC8paIuEi9uxO-3L6yURt4-szxZIuLLglys3C4NevdwVgaEvxHRRCYdxqMGi6_RPJhTSK5z3kdphRywvE1JEcWPQcyHm-NYGXOT8slGioV-OYJYmvLSex9qioNyH7v6ABxpsCkvszIOOg2vW5anklpW7IP_U2JLQg8QjYNhfGD0_kX04bfAL6yHp2TD_tz3tJxxjCrIE7PnMYR28ZD9Pk6Fmee5osyaQJevXIzkEXUDwgN6TU0YgG7muw9DagU0li55f-EGwnVGpulQ2IXWpoykImSvhoJQuCI1hSM3tK_u97OhRvbPf1nneKL9Ng0u1ZGMFaLUuLF2B5ac5AMBu5TUBp6qVsvFvDw3H18QnLniYnnds-pahde9oKef1gbw9GoNoU6WCtdyqoSPbnG90yNFPX1lDFm273uQ3kSdCWgzsuCULS-X9f2J8FxnIa2Jo-Esr3cyIZ0iYbUiKAECteEnAsbYXNXSTpPqWlQAX1zDed014j05Tq1NooM7yH50PaogWVCYUjPwtJKNFt8CR34C76U7OOVNICRFUUxY4KXUSm9OPGhABb4JcuCkLrWT9c_CSCMkL-gUbSkQRPvqbhnENMyVh1k7WahhyGpwAgixv2x_ZLZ6vLdQIaoVhXSyzlhFzRPlzhZKpc8_q4qgGrvSZ4vQ9cKGDX6rBH-dnaXa834Q1A9sHO_NTpG14FCnSClaWuEr6O8TSxAKQ0UDNwo5sa9NnvcDCtLjLEsE2Eo68y1g==&xkcb=SoBH6_M3sfuhO5y-zh0GbzkdCdPP&camk=ethIe0s0hectvgLc77MvyA==&p=12&fvj=0&vjs=3
,,Utility Policy & Regulatory Manager,,,"regulatory,utility",indeed,https://www.indeed.com/rc/clk?jk=f18aacf6718022c2&bb=tv42ELmWN1BZCtl3SgLF8D_K8fgA9aHByN-Q1hNEnjmfkHHJYwxxzUznE5mXpdMqKIZsM9lR1GxpRXLHncFsFZMQl69muiuCJZyFmNIP4Bmyr9C7VTrwbg5wzc77uU-l1IEWCG8ahBU%3D&xkcb=SoBq67M3sfugrrSUaJ0ObzkdCdPP&fccid=f235266ccab57907&vjs=3
,,Policy Analyst - Renewable Energy,,,"energy,renewable",indeed,https://www.indeed.com/rc/clk?jk=bfa52a77e6cf45b8&bb=tv42ELmWN1BZCtl3SgLF8NEi1DHXbRNCD-qoNxrvNPT0aR8RODmRYAGgEt4xei4ZMYzjsvEvuNf1eSS3V9DeThtQMCx6aemfgBoWkiptN5BZaglZs0418thxkOBCspZSRJvhzxnV-E8%3D&xkcb=SoD367M3sfugrrSUaJ0NbzkdCdPP&fccid=dd616958bd9ddc12&vjs=3
,,"Manager, Policy & Regulatory Affairs",,,regulatory,indeed,https://www.indeed.com/rc/clk?jk=59986fe3df492931&bb=tv42ELmWN1BZCtl3SgLF8Cajy91tKoZO1yphOyJzDjuKqF9Mo0dY2UoKOArq02L7rCz6Zmw6_Q-TfJXnsmQf_YriNxkY8npUuhxA8L3qQbMcgsYsp9eEV-esH7XPDoUbDnwONzOuLck%3D&xkcb=SoBD67M3sfugrrSUaJ0MbzkdCdPP&fccid=dd616958bd9ddc12&vjs=3
,,Director â€“ Argonne Grid Program,,,grid,indeed,https://www.indeed.com/rc/clk?jk=383cdb0b399986c2&bb=tv42ELmWN1BZCtl3SgLF8BlHRwMYavuvaLkF4Rb75K80CZ7Do71-wUy5hcIRjI4Px2zBG3kspx_d_uAP0T4ERJpnvVvYH_6QePl7RimkcwJLyrEM4R0eprgLHuXciG1KRBTpji248N8%3D&xkcb=SoA367M3sfugrrSUaJ0AbzkdCdPP&fccid=5d1506a5df73a48e&vjs=3
,,"Officer, Energy Modernization, State Campaigns (Policy Advocacy)",,,energy,indeed,https://www.indeed.com/rc/clk?jk=28432cc03248eaf9&bb=tv42ELmWN1BZCtl3SgLF8KtXEPXZolBPzIQRfUv-CcpfwJ3PpZLy63zpRwgrzzP1XJuczbtQbVwdqQAU8PGEpsliuGAUhn98DLEOGG1Ot2cwGsTl5FPSjKAZmjgm9IwLsOq7desUR9s%3D&xkcb=SoAN67M3sfugrrSUaJ0GbzkdCdPP&fccid=829e1441318afc85&vjs=3
,,Integrated Grid Plan Strategist,,,grid,indeed,https://www.indeed.com/rc/clk?jk=9f1c9ded0f839578&bb=tv42ELmWN1BZCtl3SgLF8BJvcXTdkri2h2qpqbjsz8upoJPJwfsVL3iRKdit_tiyhMX08tOAxPyrjCBTAXLBhwEvHSJ4QyzLwLhbJIHSJpJwHCyim_32NMxO07p7m6T-q4tOfPSLwXI%3D&xkcb=SoCQ67M3sfugrrSUaJ0FbzkdCdPP&fccid=5721f60ba0803c7d&vjs=3
,,Energy Manager,,,energy,indeed,https://www.indeed.com/rc/clk?jk=558652cb86ff7139&bb=_r1XkvlskD2kmtgXqHydvppxyxr-zOqId4E0E8zPv5VEc9UeSSmePViPfM8T6aD2kKgGOXBwouDaZtXFKzyDFD92XiCxpjuDf8-gXv3YpgzbGlVoRZ1NfTvoi8WlHdq_7NngcXy5czs%3D&xkcb=SoAq67M3sfu__hy45x0PbzkdCdPP&fccid=b901fe44c95e9f93&cmp=Stell&ti=Energy+Manager&vjs=3
,,"Deputy Director of Climate Policy, Energy Transformation",,,energy,indeed,https://www.indeed.com/rc/clk?jk=64c188647c02bce4&bb=_r1XkvlskD2kmtgXqHydvheG6LM6EAJuJWE6EdxMI8lJbtCHMf-gmYU0ogz6gE0wjsUzBdZntUhZFL6tRm4fZKZdCkK2N28DOVgnphYx7zhF9XqPuF7WOojJU9LMEZW3X1nSb6OHhj4%3D&xkcb=SoAD67M3sfu__hy45x0NbzkdCdPP&fccid=837035e1a23f163c&vjs=3
,,"Manager, Public Policy, Regulatory Affairs, NA",,,regulatory,indeed,https://www.indeed.com/rc/clk?jk=f7843080f66afc76&bb=_r1XkvlskD2kmtgXqHydvjSSSe3hB3sqsdHmloz6dDTf6S1jYKvR4FLTHHTugXoS-RJH8BT4MJGUdunv7AwpiLU6LI9RMJwGHtuw4TceQjyRWaHHSxrsDxTPSsxI_4gabbcXT6Nx8ME%3D&xkcb=SoDD67M3sfu__hy45x0AbzkdCdPP&fccid=b3ab58850909672a&vjs=3
,,"Junior Process Consultant, Grid Technologies",,,grid,indeed,https://www.indeed.com/rc/clk?jk=ea64f5ebb2c2556f&bb=_r1XkvlskD2kmtgXqHydvm7jgtSrjic8Yjj-71UBkWNXqki_i1CmnIgqC4wGN1El45eUJ0korLg17qeFirKTIlcoAKjql5Ms07_hZKzlk3GHu70cNCMOMC85LppYBvIU8G6GrL00YpM%3D&xkcb=SoBN67M3sfu__hy45x0HbzkdCdPP&fccid=be66aaf3e20527f4&vjs=3
,,Grid Integration Specialist,,,grid,indeed,https://www.indeed.com/rc/clk?jk=32eca893c81683fb&bb=_r1XkvlskD2kmtgXqHydvoTd8VcNQKi4D54kX0e7b0SvaJnxuiGQso6_pKXu8E7KRMpEEYGBWqBxNf2BJ6offnrsiaK479TvyyNL4tD3PRb5h1iEcIcPXMIiwHU3Hqs7mJVqNUMDOQE%3D&xkcb=SoD567M3sfu__hy45x0GbzkdCdPP&fccid=f1582c464db8553b&vjs=3
,,Gas Utility Operations Consultant,,,utility,indeed,https://www.indeed.com/rc/clk?jk=59a541acd975e4c0&bb=FHmzs4IYRpDjDROeermvx9WGC6f7epiCfiiG-XOpFFEz7zIUeNepJB-0pqVz5zWm2u6qwewlk10viHpVkoYi9tPPgkJpkQ96I0vefPkb-1vKqxEVDjIwpFWb1qh6EGO0IKN5_JWIudw%3D&xkcb=SoCe67M3sfu_Hxy-1Z0EbzkdCdPP&fccid=9e215d88a6b33622&vjs=3
,,"SAS Viya, Grid Engineer - AVP",,,grid,indeed,https://www.indeed.com/pagead/clk?mo=r&ad=-6NYlbfkN0DmIoLEfx3e5FKWdzPrCZVymN6nI1W4eX3Ta9yHxbrh7Z6MLI9BAa00FN1xVWj62EX8YiK9Whx93eSdadAroZSy7siiQMoQ2taNsLH7WsE3R0s6tug-s8QTxQ66uoJZ1ZlTS4q-JmzxqYJiJ2_dRdEnEln_AxC1wiFSlCCfFuQXhw8GJcAI6pdVv3tK9t2y2dKfz0NM9geOzTep5rB8lEx6X6ollTbnB_Pan4zWv6n4EqRmbQKq6vreVl-66K_aSbZXmiLSWUxU6BIZSX128jhdaSnbQJ8Am-D9G_EyGKjwaDeOcpPszBpovp-LNxmkMRQlM1mwtFVi0vANmKzSJmmE6zJeLZQDhr0EYG8PVSDc5U7YKiI_P1-42w3X9r7xa1Vs4HAkEf89N7Q75dLnIrHrgrG_kunmVQy-NeljwVagO97RUyka6pbJprRoZQoW9XKBf8szNOTDSMm4qnTk34PzWxf0GHha8Gh0iKPKhyDlrOLtT0JoJAN0s-JgvNLz6h3DonERu9Y6hx0_v0o32NRPcuXJShuhCMMCvR1gl5H8NBUyABeulqhozj9GzB69caHTsTzuKcSQerEuq5OykcdqS9vIipJTnzTq4VhGdICKV-dvp3aJ3bQODR2WzPjPf5psB6Q2Tl-njrD06yO9MvjQB6qGDVRgxJ6GO5Kvm_uhujPhbhG2hGT8L7XE7O67CiTBgBiYAkOhee3z1ZciuYry_ql3YzX--7E7M_j3kWlgsmaPTshxGrbQPxtK6koG0-W7LmricYI_iDamx7GlS7htwhiI5DvfhYmugu8zkd-o05jT8hfn3VA7&xkcb=SoBe6_M3sfu_Hxy-1Z0fbzkdCdPP&camk=H-lBaXMUocLAI308-PEWMg==&p=5&fvj=0&vjs=3
,,Grid Modeling Researcher,,,grid,indeed,https://www.indeed.com/pagead/clk?mo=r&ad=-6NYlbfkN0A4Pd9G7Psxse2LYHgJRkYguHzML5L6KVZLzJM3sNXICgjzftbv55lhC9uC10pu10HBVlFUILSvASoM6cUG5zi53KIK8C0QIWGxomRdFpxZxceW0GnFL7JScA48b0f3DMInhvvCN1dPbwef5MrmAfjCnC4tV7Pw6IcHotNBR-ZZDl_Jja2Om5YdgPkXLwgp-7c2iAcTC18OMBmmbeKPQ8W3vjCynJcuhFYxsVebic1bSMLW_B9x5jAmWoAXS6p8kpMEGHlfLZIMAnL6axuA-eJIrSISDu1XGvKdCIliRScDLtAplZFFGnlxnzwbW_9X-1MJTpdCA8MhBHthHzMe7By413Jj9CZRh4TigstUVNge9NJ7MPgugzOcf0pvjaN2T_JLtaXZC3TKaeidFZCPufksXHP5H4H25-N_zHq4BWM300SjgqQtsuvaaBpCgoWtCCa9GrPS1ShFbXGE9BaKJQ5zUU_gMyCbfY6xRBkpAdUwgKsWzXbfaszyoGmcvDQ_tn29ErqRRQRXdVZr9E1dwnazE65fbJ0x4IAliHc6CYxp0eg376v6Z8o2o1BKK1OLHSHx1BaMyZzbWx6h7adMZ8DWnnPQECD96bXXvijD0mZeLJPtxV2oV2IshlnT2oVYZC1s4BBWrU1cMVgnXYuKGDYXYeEcMq5UhBA=&xkcb=SoBq6_M3sfu_HwS-1Z0DbzkdCdPP&camk=4HOcmqOLYrA7Q1Hyu-PDfQ==&p=14&fvj=0&vjs=3
,,Environmental Compliance Lead,,,compliance,indeed,https://www.indeed.com/rc/clk?jk=d9da6f2367119ee9&bb=KdAwpfddoix5mc4yoEB7z3S9gbi6iadKsC6tMquRUHZ7Xu5XtQ43mFdnKEriDsCUiG2PJHDn38in7c8BphK4b000EyfPlmslhUHHJiFBwq5qZzw-3SDZuobgeKd21HqVfWym4bxjuWGUeKOnVYtm3iL6GNk_OvF5&xkcb=SoCK67M3sfu-vqS45x0LbzkdCdPP&fccid=977beda9f4d2ad1a&cmp=Engineering%252FRemediation-Resources-Group%2C-Inc.-%28ERRG%29&ti=Compliance+Officer&vjs=3
,,Senior Environmental Compliance Specialist / Environmental Regulatory Lead,,,"compliance,regulatory",indeed,https://www.indeed.com/rc/clk?jk=9f8f11e9491683e6&bb=KdAwpfddoix5mc4yoEB7z9EAH43i3JnarwTR7jRmkwozw3tgmK9RBTxbwPIYxMdgNNmB2dCtk_r_DODRsahk71j7mcBpWj1TAB4pB0ZXpPEgNFzzOej53PDmFt1IogL7CjdoWmENhUV_4ljZSl5Qsjd-cEMrcT_Y&xkcb=SoA-67M3sfu-vqS45x0KbzkdCdPP&fccid=0a498e0de9fb1597&cmp=Indiana-Automotive-Fasteners&ti=Environmental+Compliance+Specialist&vjs=3
,,"Environmental, Health, Safety & Transportation Compliance Specialist",,,compliance,indeed,https://www.indeed.com/rc/clk?jk=70b2107cd07e4b5c&bb=KdAwpfddoix5mc4yoEB7z6dYs5TuXUP01JztXk_WJHWUWv-pISmKXBSWUA4Sk94uNGRBgYuuc3n0xvj6PCxbhBfEUhDTnxh5EMrqqR3gqPPgar5FoakbqbL6VxTMmW0gqYWtcD1YmqJ0W5Pyr9N9ZtgAWQgRZIz-2VCFGuG8Y10%3D&xkcb=SoAX67M3sfu-vqS45x0IbzkdCdPP&fccid=e9eff825f11a7df2&vjs=3
,,Environmental Compliance Specialist Mid-Level,,,compliance,indeed,https://www.indeed.com/pagead/clk?mo=r&ad=-6NYlbfkN0CyrWhXCnAbzWtwn1CoKnqN7fNzkr_nNpAZQWsDyu5Bp9NXE33oeW5W2o9NCRGkyMf8J8SriZsI71D2qcfig-eI1HYIxWH19NzOZDZeT6vqyCs1437hrGp3Q1HRPt2o6TkqRGrL_0z8zUuRf0X4JZXZmlYjB1rg6SNMrOME_pbP0vjDFdS4s18UZI6lzaARkI8NaQFWHNX9GCZ2vwAEQmaWk8nDU-WlJjgUPvHFVXll81e5LO6Vnd434TtnVQa5EfgMTNOdrjNlrMy-hSzN5Z7jjHw4Lu7RfqAAEfh9lCDHw02K8MhnPUZnmokSU6qH5tNGaq9zFHgmGPCiOZtPp9EQtAYDokS64-K64DAO0Eoaed7L2Q9ds-roCAGFO_bkfNItDOB253_mVX-c9jf3Nssr6GuzQFVEN1X5H-PW37_ak5WsAqQS4pMWbGEUbcZipkcOJtDgf7siONLbUdLJudVrQRnH5ywbFVRZfekZqGcUNVURyYtIkOtLWrZVT6IdMTSn7oOQQS4RPPx9d_M-16xvDWl8yHSJHLm8bE-ytuXoju5L-mAiuaiC99LKJplL-ivXQJFAMN5UpeZMFJM1xkSFANQXNN0J_K9jWcylCmXwsIUn8QiWNGPGjZjl91XtHg7wxCdAmmaate6H4lXcDn49sgJGPJhxqBHKDm9OBFrKYZb8WXD-Fle3rn3rqxmajw4pQRda4lITTOnN2oHn2h1Fsyr3M93ravw=&xkcb=SoDZ6_M3sfu-vqS45x0ObzkdCdPP&camk=UoKtGZLa3XLO3VscZipXCg==&p=5&fvj=0&vjs=3
,,Director Environmental Compliance,,,compliance,indeed,https://www.indeed.com/pagead/clk?mo=r&ad=-6NYlbfkN0Bopenlz1_dTXA8jPVFPINfj5-z2ZX2-xDd5CJeLf34S3c64AEunWiFv3Y94eoTHlEBo8ya_qwsq6ZQIPtO93tmfxmj97P2ssw5CwYh8glhqJYqwJztVnXnCE0uBrrgBMmR-UxWNa3ZBt4zjIN4gnnTgT8ImYhYkU0QVVq0A-WEMJwBCu5GQOUn6UKSuaJwFyv82a1j9DH_ciSiRtgDhJwVJpQCYRfhZlkisMTddG2BKMxBGnUD5Duxs_E1nBlvrQa77-NhFM-PfRH_UFP-zOvBzIAmnjsJhPDdg4VhIw77nvgTNQUXD0zTXWoz8UIIWpHPhFId5qnwb2JRJesOzGZA3k-ZPnnCEKsiNbTRZPj2fEHosLxhe89zV7g2WI49IGcVtDvjfLz8Oid_3XaSBFkaIsTcC3cox-3IVXi-uZk9RaTfjtTu217AOLfSIcaK3fFHmtMqcSD-dGMZczaQVGfCrwPK3ljvS5zeR1aCZn-cU1A2qiRdGn53m7wscDaud5IvFiy4JDFgEBjB0ijJYLPbeYqs_W6LPQZOQIgFVVQujeK1SqvfkuJXI9Xvq3ugZz2rsfNBpwtN3YjEEEhLmRkFvcV98TeQ3Y4Lnp9OEjf2kIHSS5zyZFkdjVIrfAbJMwJDRMqJ1IZZd0AbF9wHB8VkoOPxEdfKeElO0D4a5VgChbPbW1kSXhF8&xkcb=SoBE6_M3sfu-vqS45x0NbzkdCdPP&camk=H-lBaXMUocLgrmdErLg7og==&p=6&fvj=0&vjs=3
,,Safety and Environmental Compliance Manager,,,compliance,indeed,https://www.indeed.com/pagead/clk?mo=r&ad=-6NYlbfkN0CChTSN4d50u5qN-BXcTLBZiSjD9WqntzHcfQP719PuLSTWhVmcLoQ7XRWn40eNF5ql9U4u-jQ2BNbPsQk3t0ObQPLDLPqvQ4icIQ-6YBzGfAMOTo3yUiazBDFDSzPsOB5pz8JTlHXOopdNy3Ec0K5NQf_GkdFtx_m9v1DnWaEQpwhsItVz7MurDvuzGZGzDa1O7xzP6UtsWWJ9R4gmodUgiTsOxgpHijwsPKyc41Psk8zbLQpaCZmej4o5ZORMQkajognPxD1TtPV1iPQ55TLA9J5gbBPlPw6M8Ly0y88QrPU7zTXWSWeepDUZD8jKbop7vTVp9KnZnDwDoSX2u2sRydEeWbAYIE17Z8O9bTYnDDE0gne88Q90oMDfoiEmfOYU1bsSQwA0lspo30B5x0ZjaiI6FmPomvmoWOoBnxs-dTqE3r1hnJWPHvEO1UxUQw_i6ZELWH80tw8Juc0kSrcYJTRPt6vRTRXnkthwcC2RWvWMsiNcu-zF68P1Va1LqKCyFhqgqhjmOKBqEhY3avDar66i0WoWAfOKqXL3JU2QNeXqiAh8GLldAREeSgNiRn1euwYt5kmDz2dM9qGI5YMKazsuiol-KGQO7TG7s2J2yAVpqRycwVLAg6Y1O9Kic6c=&xkcb=SoDw6_M3sfu-vqS45x0MbzkdCdPP&camk=ethIe0s0hee16hOd12VDxg==&p=7&fvj=0&vjs=3
,,Environmental Regional Compliance Assessor - CFMO Marietta,,,compliance,indeed,https://www.indeed.com/rc/clk?jk=6ae938cc38e5c0f7&bb=KdAwpfddoix5mc4yoEB7z3Ibtidb9dYgFnnHWNGK3RJJjax-79VCgw1xNEhtUYXuPlh60UjpEtc8cfJnQutJXs-kJ8xOjiy4cTcpguuO4SaQvQKEtCzY9cQyOFLx9BjATDn2pGzPlKz8g_2vxz18T_NXyFnpwLk7&xkcb=SoBZ67M3sfu-vqS45x0CbzkdCdPP&fccid=dc3368ec85d05f9d&vjs=3
,,Environmental Professional III- Air Compliance,,,compliance,indeed,https://www.indeed.com/rc/clk?jk=1ac5c209c52d9947&bb=KdAwpfddoix5mc4yoEB7z3OiSSVdre-REUJOplvf1_XqZJNnFwA6VZ1taQBL4tgt-pP6nFfB_Wbrwg3UZPLw8x0t3kkYKPVlcU4apIx6UzsUU5xySykNCc49akFQrRbnDMwklMk8HJnpFgyFJamowod_gmWr3ymA&xkcb=SoDE67M3sfu-vqS45x0BbzkdCdPP&fccid=3245c5c9097bf1ff&vjs=3
,,Environmental Compliance Manager,,,compliance,indeed,https://www.indeed.com/rc/clk?jk=76c02cee556f7d6b&bb=KdAwpfddoix5mc4yoEB7z3NazkaGOCVYusV9c3RCVwf4dJhgHHLdUzh9ooePLw_z8PrBGVXSxja-MsEU9Nb-r1iN5P2SIagLFFth176X3sZdirYMsJaBQb2ISBqg9Wj2KTZ7RkGsqhtvvHMceBSbNvU5iokXswDL&xkcb=SoBw67M3sfu-vqS45x0AbzkdCdPP&fccid=34d2305effd97b2e&vjs=3
,,Senior Environmental Compliance Leader,,,compliance,indeed,https://www.indeed.com/rc/clk?jk=54a8c8eeebbeb646&bb=KdAwpfddoix5mc4yoEB7z6gzcnV72CuenK9dSsNJa89xpZ6IqdhKh843lW28--8k1azRE3K_Aw7KkKrhnfHFgnhVJZ-GTB20TYUMh0M6lHMn5JeT9tmACTc3hErNeJRrodrWtU0qmEqwj3W3f7gm5ysPu5FbV9dH&xkcb=SoD-67M3sfu-vqS45x0HbzkdCdPP&fccid=5be5cf4956979448&vjs=3
,,Environmental Compliance Program Manager,,,compliance,indeed,https://www.indeed.com/rc/clk?jk=a41bc9c5ec82b02a&bb=KdAwpfddoix5mc4yoEB7z3qQiSsT1-s3VSVdKZs7bS6N10SquIqk032GNUka4LDzCZ3oHYLEnuw3O_z4RA39f-wfZ3nIZQSYMEFitkD-k6z8anfRWG2C3ktDZnaHbN7vdnDpEC8K65Z6eNnbsGwC6vP_s4LsG7n9&xkcb=SoDX67M3sfu-vqS45x0FbzkdCdPP&fccid=734cb5a01ee60f80&vjs=3
,,Environmental Compliance Inspector,,,compliance,indeed,https://www.indeed.com/rc/clk?jk=814f7ed296a8c84a&bb=CtysGZwau9XK8saaIKq-n-xMqjVkc2-zbt3IK3opIZ25Jgl9iG1WQcXv9Ihv8hmlDdhEuvbI3OCsQ4V3s_cpXZy_IF_LUJ7t8e2TLiErxZn2nx2hvlefZph3tokKQbYh17Uo6aSN0Go9hVfXJsay8tzJ3lp-rwZq&xkcb=SoCv67M3sfu98HSErp0MbzkdCdPP&fccid=1ed8ce70bbed979e&vjs=3
,,Environmental Wastewater Permitting and Compliance Specialist,,,compliance,indeed,https://www.indeed.com/rc/clk?jk=41b3f6ea4e545153&bb=CtysGZwau9XK8saaIKq-nwGPgpzUzMI3Fz_AZ9WWtmg8FGwi3870IGOfMLR-uR0nWDMY1v359gD0Pg4CV4oQhHS7MIcgVaZ5HYNs6zTM0T28sjMeuIyTvs1O2hK0AVC60IR82k2Xrf57tICWd_tC3Mqw7KdaA7wp&xkcb=SoBv67M3sfu98HSErp0BbzkdCdPP&fccid=15a06ce34c6457d4&vjs=3
,,Regulatory Compliance Specialist,,,"compliance,regulatory",indeed,https://www.indeed.com/rc/clk?jk=7038994e3ff8d69c&bb=CtysGZwau9XK8saaIKq-nxzzTzvMBagqHa5LJJ3nbC1pLoOF4TytSI6cBuKS1ioKVBpmVZ8rkFuDtvehFr2Hvvi1ArtmvsQ-4FbBIaa7cZ4Jd7G7d12oPohmeoQl9NMWlAEXTWfk7ZnqW1wF-dN0CH2MVqgQXi88&xkcb=SoDh67M3sfu98HSErp0GbzkdCdPP&fccid=1bd3f60bf0d815c3&vjs=3
,,NERC O&P Compliance Specialist,,,compliance,indeed,https://www.indeed.com/rc/clk?jk=a2226c8de16db1ba&bb=CtysGZwau9XK8saaIKq-n5uLhpVQ6PP7PRH2RwBb9KcL_FX3GWvb2tu7nHxBdC3DsiZDKHuWCyKgDUCp3SoPdN87H3-wzUkA1F_wkAztgVHuugUamT6gnOhckZKXHap3NTmU83bxvvnNtTL7bxtf5iE-NU10p3N8&xkcb=SoB867M3sfu98HSErp0FbzkdCdPP&fccid=4145ae4ca688fa25&vjs=3
,,Environmental Compliance Specialist â€“ NEPA & Regulatory Support,,,"compliance,epa,regulatory",indeed,https://www.indeed.com/rc/clk?jk=4ee6869a5d0e9203&bb=CtysGZwau9XK8saaIKq-n8plipM1lF13Zbc1wBouOrPSfdDxQr0SlmVcg1AlgXB0eZPPL__xaR7u83MDSI5LXa4_FBR88ZaxULUI6qrSC9NGLvwoH2uI8jLR0BTt3Hmn21TB_nYpVksYJh7bbPeXJZ7GOxXxWuz9&xkcb=SoBb67M3sfu98HSErp0abzkdCdPP&fccid=f03b6a50a4014195&vjs=3
,,Environmental Compliance Coordinator,,,compliance,indeed,https://www.indeed.com/rc/clk?jk=8379f010dfdab1f1&bb=9ikFW6oOepps2bRUhF_ajg0JMo7yyA-Oij99QYwHKP7LP1i4pQc-hIc8m74lybVZmige0FNz6c-Egwge2xP1mSvwsB7tTSq8gP7rP3ma5ejPxEWZGXMOM3bfPTmB5IWo6NkzfdjFajzqliDZ4L5GGwvEIHdi-sIw&xkcb=SoCZ67M3sfu9DjyEI50LbzkdCdPP&fccid=614f23e6d1458e75&vjs=3
,,"Environmental Compliance Manager at Ames Research Center, CA",,,compliance,indeed,https://www.indeed.com/rc/clk?jk=4a57cecf9c9d21a9&bb=9ikFW6oOepps2bRUhF_ajhGzDCkFDJx8NQrktZDxCfjcUZuZ87KVR8eO8OLypz2zl3hRN-38E5yNEoWgqiCAEKUX6Iw5Fx5QkiK7lteBvHismFiesj3PJ7u9sF2Un3qk2Fdi0ehLL7sqN3q6vu0MDs2zE8r64Y3u&xkcb=SoAt67M3sfu9DjyEI50KbzkdCdPP&fccid=997110e6d9c4c093&vjs=3
,,Assistant Environmental Engineer - Environmental & Regulatory Compliance (Atlanta),,,"compliance,regulatory",indeed,https://www.indeed.com/rc/clk?jk=5ba1f79ee928d377&bb=9ikFW6oOepps2bRUhF_ajmRuY7W2Diy9SNbmL_7V5Zc4p5uNwmNMlKdhuG7NLXG5FqvOSRk7rh8vWMG3PlLdboTlTkWUkveQFFg8vuskCZQ5B2LtKmUXdNdF1zNh2yCwsjUdcj2-3VuD3JXBtlWxnnea5ExwVug2&xkcb=SoCw67M3sfu9DjyEI50JbzkdCdPP&fccid=75aff752794baac1&vjs=3
,,Assistant Environmental Scientist - Environmental & Regulatory Compliance (Atlanta),,,"compliance,regulatory",indeed,https://www.indeed.com/rc/clk?jk=63254a933ffdabda&bb=9ikFW6oOepps2bRUhF_ajteJun4fXvFSc9b_zF_yMxHdPF7wx7ta8HREduJRS7ieWKcpK2SvH-NXcgX0pZoEtFAfyc4PpOL9UxCNYTAbW73oJJ-3GSiF6fkhJvXRO44RXoBQQZIzOq5ypWpN3WXFUtBFhaMAZvsg&xkcb=SoAE67M3sfu9DjyEI50IbzkdCdPP&fccid=75aff752794baac1&vjs=3
,,"Principal - Environmental Management, Permitting & Compliance",,,compliance,indeed,https://www.indeed.com/rc/clk?jk=2de2426c082c79a6&bb=9ikFW6oOepps2bRUhF_ajgg-dx_Bt5tfizxvGiidQzzh0P7bHZr13zLTR41QwCor8VDKyfSB2NgX3bQFDAsZaspTD2GjW99hp_fJOR_khmaIkJSkSBxvBbDYLWZJvAQ3EPEzGAtmiCILmPDSbEe5m6aHrOqeZsKa&xkcb=SoCK67M3sfu9DjyEI50PbzkdCdPP&fccid=549bbce028d52285&vjs=3
,,"Specialist, Environmental Compliance",,,compliance,indeed,https://www.indeed.com/rc/clk?jk=4c41403dd4eb88ec&bb=9ikFW6oOepps2bRUhF_ajteJun4fXvFSjSswmVwy4jvNmFkaqQFsWOIZgLJ4Av1SjY0uZLY0QMjVZ_uvtjn6g7N5o-p4XE18Gi6PER1OgNR_QOrDg6GYg1HxM6u_axZZKNIm7y1SGLUl-3uveWWk3ihAp1a4yz_2&xkcb=SoA-67M3sfu9DjyEI50ObzkdCdPP&fccid=226df6aaaebb0bb5&vjs=3
,,Environmental Compliance Program Manager - Scientist or Engineer,,,compliance,indeed,https://www.indeed.com/rc/clk?jk=5c4509050f6a0542&bb=9ikFW6oOepps2bRUhF_ajg6xLhixOoVVwq7-In1Vr1U8p0cvMb6H9ozYOr5hzeNawBLSBnCpjx86VgMipVIwoNfeGXQ4M6t-ZDmIkba5nkPtRHdBmd4T_UEm_qG56_NvsQMELvRq-BSKNvEo5eGm7_WXWp7jedy1&xkcb=SoCj67M3sfu9DjyEI50NbzkdCdPP&fccid=c04fb9e2435c2882&vjs=3
,,Specialist - Permitting Compliance,,,compliance,indeed,https://www.indeed.com/rc/clk?jk=9148786a4e6f508e&bb=9ikFW6oOepps2bRUhF_ajlswSsCKEqPWqm4Q8K6QFl_qahzj80MaT1H-SBu2erZHAcM_DqMsk40eP_t1gS359Oix1_tEBXhJsQgzY_3bU9-hbbgTloZf3QY6mfEvfGxBsSw-zDaC_Mu7wfUAa5msp_cZWnktLKG6&xkcb=SoAX67M3sfu9DjyEI50MbzkdCdPP&fccid=84982d5610f302fe&vjs=3
,,Compliance Engineer,,,compliance,indeed,https://www.indeed.com/pagead/clk?mo=r&ad=-6NYlbfkN0A2cWPv4WwwwsK-OqGx29RZ2Cn8DxvKG2W112bVX1U7wWRA4p-H85vdrA-gdBUDuXlvcA_WKa0gieQIwVBq8V1joCI3mn_Gn2fc3rYKpN6lxZCpn6aoOdl9m1J9oVT6z3I_JJicA4y91skd0kEUXVRzVsasY3ZaiB-cBv0lOuIQytvD-n-PdL2XvLYuWkx36W-h6nq0rqxmOpNFtXhX83_KHNslxtDKW6kZIbqEVwgxDKku_UUMZn5FYUGTpydrteVcUjn7hpeAMC-ASJ5T5EHJ27dUqvlALXO1eSvw41zguLUmwg2MsNmffZF86VdNQDc3AR3GgSLS-mr5VDq_JOPTzoazptwyh1ECE5HkSILhKGXOmNenSOscnUK4lVcAeZRV4tLtYut3OoyLrEuyJngnuIcNqWMWs4bxWDmlizJrhAsZmahD3gqM2KbGgHZnIDOZOdejatRb6cNm5rsOAzq287u7NfIKpEyIAPEUnLVNEruYRjCH9MndqHCiqFPdFQpgwW6lPqCgynFjWTmeUw4CY-d5fsbSOYOhRHpcxZkSYCqIs0UOi_v503jTVbfEeavGgLLroJrTGFxTeEtR6oTzinI9FEfArHGp1CwAAUBAfcUnTMZBlhbn1a4r4e8UQXCYvVtEc3I_xbHs8nL_vKKVPVVjDlAOzRmxRurllmxRjJoXtEAzt4pm&xkcb=SoCX6_M3sfu9DjyEI50AbzkdCdPP&camk=ethIe0s0hecQ73ofNFi_Hg==&p=11&fvj=0&vjs=3
,,Payments Compliance ITM Analyst,,,compliance,indeed,https://www.indeed.com/rc/clk?jk=d7f843f0e9f19111&bb=yJVCYSiwWIZP3mR-D-dvLm2r16Q5CJzTmLw1-aSLnGmrqHaT2UcA-j6pN-gOC3_mcaxxY3hIB5ABLccxU4cknZMUhOPgQt0oJNcT6LkX2F7i-uY4mEm-MHbQMppKRITF7NS02u1JAcS4KLr2L9cgkw%3D%3D&xkcb=SoBa67M3sfu8vDyY9x0KbzkdCdPP&fccid=e3686889bb6ba362&vjs=3
,,Senior NERC Compliance Analyst,,,compliance,indeed,https://www.indeed.com/rc/clk?jk=125badc665685ad7&bb=yJVCYSiwWIZP3mR-D-dvLrgjQz_2KyzKfTUEovLYhOmmUbOEGig8ctwK0VY7-hGWexJRh9p2ttl4gzxybQE1tPPd_kd3fB2GlEJ1wZU5bWrHa6T6vKAz7FYWLLR7Y_mVJS9YBFHjgns%3D&xkcb=SoDH67M3sfu8vDyY9x0JbzkdCdPP&fccid=4145ae4ca688fa25&vjs=3
,,FERC Certificates Analyst,,,ferc,indeed,https://www.indeed.com/rc/clk?jk=7fa6a41e52c0f651&bb=yJVCYSiwWIZP3mR-D-dvLuLVNSQX1BjEEE30LGdUkh6OOPcVE-O2gtYLzFJanaiUsUQoICP0R_RDQf5KljdinqcljbY0mA8PV6aBgdKJPWtsoyKkUjH-rj1pvZwwfW5TlDQ88W2FGSQ%3D&xkcb=SoBJ67M3sfu8vDyY9x0ObzkdCdPP&fccid=d2e6283cc7ff827b&vjs=3
,,Regulatory Compliance Analyst,,,"compliance,regulatory",indeed,https://www.indeed.com/rc/clk?jk=f7f74719af53af9d&bb=yJVCYSiwWIZP3mR-D-dvLrjACikAHWfJs-4kbBWQuhUv1U5B5YdCWCsTQObPn_otm6Oe7K5JS0UJbYPRZlECmlE3UGbPbHmjc5GtV_yhfWf6ECEZic_cX9J-pMEc-ns0hl-gESe7lho%3D&xkcb=SoDU67M3sfu8vDyY9x0NbzkdCdPP&fccid=8bc01be85b97ce0d&vjs=3
,,Public Utilities Regulatory Analyst IV (JC-435722),,,regulatory,indeed,https://www.indeed.com/rc/clk?jk=fc16da315edf60d3&bb=maOxDKm1XnC1ntgnnLJntU7dRUWmHEUruLkoFkRO__vgMbh3EE2Rvkwe164Rs8wSiT-NbKWyZ-DSBr340TRTPvTwMB-WknKQ90cbj_UmGGfbPmtr2n9Ud4vkSEddUi5YpE1XRT4dkwY%3D&xkcb=SoCl67M3sfu72eSxb50PbzkdCdPP&fccid=2f0717c3f8e56d94&vjs=3
,,Regulatory Analyst 2 - Remote,,,regulatory,indeed,https://www.indeed.com/rc/clk?jk=3de8612d7ddedc01&bb=maOxDKm1XnC1ntgnnLJntbSY0dixEKJPdJF-CQ1CIeC_SGz4-jkrPF-cd2FIFErK_NT0KE4C-wOKsO24yi6rzuVbhaO65Cn19Mn0y6s0egQK4iCL31TmTVNpVWHBdwWFTsCJVLWjIrE%3D&xkcb=SoAR67M3sfu72eSxb50ObzkdCdPP&fccid=ec40e650131b4ee3&vjs=3
,,"Technical Analyst Associate-Environmental Protection-Air Quality/Compliance & Enforcement, Statewide",,,compliance,indeed,https://www.indeed.com/rc/clk?jk=eeb9677bbba45262&bb=maOxDKm1XnC1ntgnnLJntWMAyMPFh6by3_nk4YIZcc8GEIHPazagq5tVLXiLKs1LYui0bVjR9KfGZThjJrTeVwgYiBYFNEoaclQhLk1xLWv-2FasWjrnntz_2VGs1ajOLqlfuWz6ZwA%3D&xkcb=SoBl67M3sfu72eSxb50CbzkdCdPP&fccid=9b746e57492c6277&vjs=3
,,"GRC (Governance, Risk, and Compliance) Analyst",,,compliance,indeed,https://www.indeed.com/rc/clk?jk=6353471132b067a2&bb=maOxDKm1XnC1ntgnnLJntbo3wM1vzrUCgw2iz0L6brkc6DfhAgnoYRL7n9ooDhi0Cw-_s2UJCA0rN_70GK7Aqw_t2qQvIi_azrj0ARY9UyPb0GvPokfwi8ybCjn3d5J0kAFNtm4wmVff992hZQkA0A%3D%3D&xkcb=SoDr67M3sfu72eSxb50FbzkdCdPP&fccid=df916c24a229726d&vjs=3
,,"PUCT, TEF Compliance Analyst (Compliance Analyst II - IV)",,,"compliance,puc",indeed,https://www.indeed.com/rc/clk?jk=a790db021e431732&bb=5bs4ivWPR6gaLS45aWL2IQ9eSfAGeH3jlabMG0vkZNaolLR4Ij1z4Jef96DoBqAQ3tVCiF3OV6G7T5QGXXfaZiVVbozEorzrORJHKhdZuSG7tXl0eRJAvDfQTOJbnw32u9qNJFIVexI%3D&xkcb=SoDN67M3sfu6C1ywyZ0PbzkdCdPP&fccid=f0c4cbdcf2a143ef&vjs=3
,,"PUCT, Power Markets Analyst (Economist II - IV)",,,puc,indeed,https://www.indeed.com/rc/clk?jk=2cf18cf86ef2c221&bb=5bs4ivWPR6gaLS45aWL2IdXcUWNmEJONiMGy6jD0YIoQs_Ac0Z8mCLI5oT23-ldyCkN6O8xJXFEAnYTAhGV0SFP6KaAE4KnYa9pZO4fC4z6mgIQNd6RhcIL2XqenM3F2cuSGJFjIpkM%3D&xkcb=SoB567M3sfu6C1ywyZ0ObzkdCdPP&fccid=f0c4cbdcf2a143ef&vjs=3
,,Regulatory Analyst II or Senior Regulatory Analyst,,,regulatory,indeed,https://www.indeed.com/rc/clk?jk=c524b35dafda3719&bb=5bs4ivWPR6gaLS45aWL2ISq5rlv2voq23xDUDJnU2eC7moNImPs-FUGe5-vFtwSMxaDqnmcCGe5ueH1_tgukpbu51KF-nyWD1b9zLoBq_xnRGD26tgKWsL1eBfAHWUGzqbh2t_GW-Bc%3D&xkcb=SoBQ67M3sfu6C1ywyZ0MbzkdCdPP&fccid=dc441d28c42676d7&vjs=3
,,Regulatory Research Analyst/Paralegal,,,regulatory,indeed,https://www.indeed.com/rc/clk?jk=31ab423b20bdc613&bb=xNxgNxGyIFe-lRvMPd27FecDtqDWJUxEQegQALj0ZZbAKmUepvuPk3D6SXtxMXr5Jmst_jWcWpnsvp-4Rac76egZNm-l6F_MdP4J6lRDH4ke600MTS_IN7AW7lqv8pOAQezozz__mek%3D&xkcb=SoAk67M3sfu5pcSEQh0JbzkdCdPP&fccid=c6504183b3456f6a&vjs=3
,,"Third Party Governance, Risk and Compliance (GRC) Analyst - Hybrid",,,compliance,indeed,https://www.indeed.com/rc/clk?jk=95cfacbfd22d098f&bb=xNxgNxGyIFe-lRvMPd27FfBycFdrHn1WjstSiXITBv56sYM0PR46apwIP6mfVhFxxXcvyRo_pSdtgd1s5LDR5GP2jyvbNNZLKP18_JgMpL9r7tNjZxfFJi_wGMTNyYRB5WR1kI4DB7Q%3D&xkcb=SoB567M3sfu5pcSEQh0HbzkdCdPP&fccid=3f20b9848b31e1a9&vjs=3
